Partner_transaction_id,Transaction_id,Amount,Rmb_amount,Fee,Refund,Settlement,Rmb_settlement,Currency,Rate,Payment_time,Settlement_time,Type
2964932820397938613,2022102122001173521419743301,15.31,111.21,,,,,USD,7.262900,2022-10-21 21:56:08,,P
1709419550430206695,2022102122001109375716841594,54.80,398.00,,,,,USD,7.262900,2022-10-21 10:33:02,,P
1709346578896635882,2022102122001197815725943571,15.01,109.00,,,,,USD,7.264000,2022-10-21 08:58:14,,P
1709343770316389972,2022102122001113435705594277,27.40,199.00,,,,,USD,7.264000,2022-10-21 08:51:38,,P
1709056231202342666,2022102122001128581420890318,16.38,119.00,,,,,USD,7.264000,2022-10-21 00:23:51,,P
2962846118130716330,2022102022001109941444170523,16.38,119.00,,,,,USD,7.264000,2022-10-20 13:45:27,,P
2961519588799230722,2022102022001135801445553830,13.61,98.83,,,,,USD,7.264000,2022-10-20 11:50:45,,P
2961147529190381958,2022101922001192815721849769,28.06,202.73,,,,,USD,7.223700,2022-10-19 19:21:54,,P
1707472129381987389,2022101922001165921444061779,26.72,193.03,,,,,USD,7.223700,2022-10-19 15:51:43,,P
2961108579199983108,2022101922001118735728732858,26.84,193.85,,,,,USD,7.223700,2022-10-19 13:17:55,,P
2960109253937629253,2022101922001147155731064411,34.47,249.00,,,,,USD,7.223700,2022-10-19 11:03:00,,P
2959923925505686424,2022101922001199535725262130,20.66,149.00,,,,,USD,7.213400,2022-10-19 09:37:36,,P
1706877015866635882,2022101822001197815720408577,20.66,149.00,0.00,20.66,0.00,0.00,USD,7.213400,2022-10-18 22:36:44,,P
2958749568067317714,2022101822001101075748692232,75.97,548.00,,,,,USD,7.213400,2022-10-18 21:24:27,,P
1706837737432478579,2022101822001151761423805940,16.50,119.00,0.00,16.50,0.00,0.00,USD,7.213400,2022-10-18 20:49:56,,P
2959314445922872832,2022101822001188475727886268,34.52,249.00,,,,,USD,7.213400,2022-10-18 20:28:12,,P
1706321102164896591,2022101822001191861436330916,35.91,259.00,,,,,USD,7.213400,2022-10-18 11:45:53,,P
1706179083681395183,2022101822001122601447252943,16.50,119.00,,,,,USD,7.213400,2022-10-18 10:16:31,,P
2958280058805601518,2022101822001160421446992858,34.55,249.00,,,,,USD,7.206900,2022-10-18 08:40:35,,P
1706121409830566492,2022101822001124741422669051,51.06,368.00,,,,,USD,7.206900,2022-10-18 05:56:41,,P
2957047597432446845,2022101722001105675734046264,16.51,119.00,,,,,USD,7.206900,2022-10-17 20:54:59,,P
2957621619893937952,2022101722001185055729018446,16.51,119.00,,,,,USD,7.206900,2022-10-17 20:11:14,,P
1705108730267119272,2022101722001121181425308608,13.61,98.05,,,,,USD,7.206900,2022-10-17 15:29:01,,P
2956670751770873437,2022101722001124241417788492,13.74,99.00,5.05,,8.69,62.63,USD,7.206900,2022-10-17 11:52:10,,P
2956244438304726764,2022101722001181761415663070,13.32,96.03,0.00,13.32,0.00,0.00,USD,7.206900,2022-10-17 10:56:30,,P
1704688861705247066,2022101722001194821428997867,34.54,249.00,,,,,USD,7.208900,2022-10-17 00:30:48,,P
1704614126438590067,2022101622001104615734188869,13.73,99.00,,,,,USD,7.208900,2022-10-17 00:14:08,,P
1704630146607765072,2022101622001157311430261998,16.51,119.00,,,,,USD,7.208900,2022-10-16 23:38:14,,P
2955637550330923258,2022101622001189655719368495,15.36,110.75,,,,,USD,7.208900,2022-10-16 21:40:43,,P
2955856611222166603,2022101622001194401404404309,16.51,119.00,5.08,,11.43,82.40,USD,7.208900,2022-10-16 21:13:03,,P
1704414939710052792,2022101622001160695722806018,41.48,299.00,,,,,USD,7.208900,2022-10-16 19:23:40,,P
1704387577223821771,2022101622001176821433539756,26.22,189.00,,,,,USD,7.208900,2022-10-16 17:57:55,,P
2954519317303791433,2022101622001116075743944128,16.51,119.00,4.89,,11.62,83.77,USD,7.208900,2022-10-16 15:44:21,,P
2954848718821781000,2022101622001192761415055971,14.67,105.73,,,,,USD,7.208900,2022-10-16 15:23:35,,P
2954124325095630308,2022101622001140015724270211,16.51,119.00,,,,,USD,7.208900,2022-10-16 12:35:02,,P
2953998757834048102,2022101622001123781414253246,16.51,119.00,0.00,16.51,0.00,0.00,USD,7.208900,2022-10-16 11:44:14,,P
2954398071661488744,2022101622001194601437310724,16.51,119.00,,,,,USD,7.208900,2022-10-16 10:21:36,,P
2953285129614470448,2022101522001191381447127508,16.51,119.00,4.89,,11.62,83.77,USD,7.208900,2022-10-15 22:52:28,,P
2953554842762213552,2022101522001122141415525291,12.35,89.00,,,,,USD,7.208900,2022-10-15 21:45:29,,P
2953537346982213552,2022101522001122141416262021,0.14,1.00,0.00,,0.14,1.01,USD,7.208900,2022-10-15 21:36:41,2022-10-17 12:46:00,P
2953368902236005710,2022101522001194741414396214,16.51,119.00,,,,,USD,7.208900,2022-10-15 20:06:14,,P
2952754561305206931,2022101522001119141410285152,13.73,99.00,,,,,USD,7.208900,2022-10-15 18:16:50,,P
1702382664865558484,2022101522001197055725255775,16.51,119.00,4.89,,11.62,83.77,USD,7.208900,2022-10-15 11:38:53,,P
1702350444314865780,2022101522001168555723280820,11.96,86.19,3.36,,8.60,62.00,USD,7.208900,2022-10-15 11:16:09,,P
2952048098892336654,2022101522001167401454099913,16.51,119.00,,,,,USD,7.208900,2022-10-15 10:15:15,,P
2951969654526728006,2022101522001150395742308374,13.75,99.00,4.85,,8.90,64.07,USD,7.198400,2022-10-15 09:28:05,,P
2950830900916354438,2022101522001177761407390527,13.34,96.03,4.64,,8.70,62.63,USD,7.198400,2022-10-15 08:57:02,,P
1702907329587704475,2022101522001196701411294658,16.53,119.00,,,,,USD,7.198400,2022-10-15 07:51:43,,P
1702855346491033875,2022101522001153441436826768,16.53,119.00,,,,,USD,7.198400,2022-10-15 07:48:07,,P
2951834186309195355,2022101522001122595709866805,19.31,139.00,,,,,USD,7.198400,2022-10-15 07:27:31,,P
1702141176307554378,2022101522001147721402281227,16.53,119.00,5.30,,11.23,80.84,USD,7.198400,2022-10-15 01:38:55,,P
1702694210106704475,2022101422001196701413315784,16.53,119.00,0.00,16.53,0.00,0.00,USD,7.198400,2022-10-14 21:46:57,,P
1702674301603047970,2022101422001117231402229830,16.53,119.00,0.00,16.53,0.00,0.00,USD,7.198400,2022-10-14 20:31:24,,P
2949562152192119360,2022101422001152721411231975,16.56,119.00,,,,,USD,7.186359,2022-10-14 14:30:47,,P
2950850991274875900,2022101422001163735717898105,16.56,119.00,,,,,USD,7.186359,2022-10-14 14:16:06,,P
1702296698975269181,2022101422001114821424293568,16.56,119.00,,,,,USD,7.186359,2022-10-14 14:07:35,,P
2949233796605112717,2022101422001138461429081663,16.56,119.00,4.90,,11.66,83.79,USD,7.186359,2022-10-14 11:49:19,2022-10-17 12:46:00,P
2950124042860717604,2022101422001128975746180228,13.36,96.03,,,,,USD,7.186359,2022-10-14 10:49:31,,P
2950219335119113305,2022101422001181201425860192,13.55,97.42,,,,,USD,7.190400,2022-10-14 09:36:14,,P
2949433165330491617,2022101422001173095739627357,16.55,119.00,,,,,USD,7.190400,2022-10-14 07:11:10,,P
1701850831263510172,2022101422001159941416432016,20.72,149.00,0.00,20.72,0.00,0.00,USD,7.190400,2022-10-14 00:04:49,,P
1701835170813325056,2022101322001101355733853597,14.70,105.73,3.58,,11.12,79.96,USD,7.190400,2022-10-13 23:55:24,,P
2949164490993123845,2022101322001194701414602632,16.55,119.00,,,,,USD,7.190400,2022-10-13 20:54:01,,P
1701506677236427692,2022101322001132281414220365,16.55,119.00,4.90,,11.65,83.77,USD,7.190400,2022-10-13 19:24:21,2022-10-17 12:46:00,P
2947633416142137221,2022101322001177195737138633,13.77,99.00,5.06,,8.71,62.63,USD,7.190400,2022-10-13 17:23:53,,P
1700858382091050852,2022101322001161955727096475,16.55,119.00,,,,,USD,7.190400,2022-10-13 16:58:01,,P
1700894425078345484,2022101322001196035758762400,16.55,119.00,,,,,USD,7.190400,2022-10-13 16:38:03,,P
2948208877416675409,2022101322001130395739762140,16.55,119.00,0.00,16.55,0.00,0.00,USD,7.190400,2022-10-13 16:37:27,,P
2948673639553272304,2022101322001106155719958952,16.55,119.00,,,,,USD,7.190400,2022-10-13 15:26:10,,P
1700752911144148183,2022101322001171741402016168,16.55,119.00,,,,,USD,7.190400,2022-10-13 15:06:18,,P
1700736818521173669,2022101322001101055722080536,16.55,119.00,4.90,,11.65,83.77,USD,7.190400,2022-10-13 14:43:52,,P
2947256460192742961,2022101322001198791401065120,16.55,119.00,4.90,,11.65,83.77,USD,7.190400,2022-10-13 14:30:49,,P
1700722598001940888,2022101322001164101412884858,16.55,119.00,,,,,USD,7.190400,2022-10-13 14:25:30,,P
2947239828319805510,2022101322001128995745151484,13.77,99.00,,,,,USD,7.190400,2022-10-13 14:23:18,,P
2948557935621013718,2022101322001156475719238363,16.55,119.00,4.90,,11.65,83.77,USD,7.190400,2022-10-13 14:19:55,2022-10-17 12:46:00,P
2948319686223011663,2022101322001125081459026118,16.55,119.00,,,,,USD,7.190400,2022-10-13 14:19:28,,P
1700035896075350268,2022101322001114475719346573,15.40,110.75,,,,,USD,7.190400,2022-10-13 13:54:02,,P
1700034348088268791,2022101322001167401449973311,16.55,119.00,,,,,USD,7.190400,2022-10-13 13:52:07,,P
2948272166005793160,2022101322001199801413416668,15.40,110.75,,,,,USD,7.190400,2022-10-13 13:51:36,,P
2947173624959113306,2022101322001105695716716645,16.55,119.00,,,,,USD,7.190400,2022-10-13 13:49:22,,P
1700691746451879385,2022101322001106021445674817,16.55,119.00,0.00,16.55,0.00,0.00,USD,7.190400,2022-10-13 13:48:58,,P
2948500263370186259,2022101322001111231401573129,16.55,119.00,,,,,USD,7.190400,2022-10-13 13:45:00,,P
1700684366194551468,2022101322001198381435644929,16.55,119.00,,,,,USD,7.190400,2022-10-13 13:39:26,,P
2947863961726966226,2022101322001145075738391642,16.55,119.00,0.00,16.55,0.00,0.00,USD,7.190400,2022-10-13 13:36:30,,P
1700678534216372877,2022101322001190081402494401,16.55,119.00,,,,,USD,7.190400,2022-10-13 13:32:02,,P
1700724757130761578,2022101322001183721403912566,13.36,96.03,,,,,USD,7.190400,2022-10-13 13:26:56,,P
2947136220244459339,2022101322001191801420081391,16.55,119.00,,,,,USD,7.190400,2022-10-13 13:24:10,,P
2948220398109369341,2022101322001117981416792812,16.55,119.00,,,,,USD,7.190400,2022-10-13 13:22:13,,P
2948453175973190141,2022101322001137041449215973,13.49,97.03,,,,,USD,7.190400,2022-10-13 13:22:02,,P
2947119696945879021,2022101322001176361432156733,16.55,119.00,4.90,,11.65,83.77,USD,7.190400,2022-10-13 13:22:01,2022-10-17 12:46:00,P
2947848337188994439,2022101322001131441432957403,13.77,99.00,,,,,USD,7.190400,2022-10-13 13:21:56,,P
1700670542077720695,2022101322001138081458580964,16.55,119.00,4.90,,11.65,83.77,USD,7.190400,2022-10-13 13:21:22,,P
1700007384774398487,2022101322001114641458272675,13.36,96.03,,,,,USD,7.190400,2022-10-13 13:20:52,,P
2947132296177726246,2022101322001108231458118674,16.55,119.00,,,,,USD,7.190400,2022-10-13 13:20:51,,P
2947132080148692733,2022101322001187575701417892,16.55,119.00,,,,,USD,7.190400,2022-10-13 13:20:11,,P
2947831885799986962,2022101322001123781403981023,15.40,110.75,,,,,USD,7.190400,2022-10-13 13:19:48,,P
2947846357039350016,2022101322001171475719156989,16.55,119.00,,,,,USD,7.190400,2022-10-13 13:19:41,,P
1700668094617152896,2022101322001195841414038629,16.55,119.00,,,,,USD,7.190400,2022-10-13 13:19:29,,P
2947131756016045411,2022101322001146581451782587,16.55,119.00,,,,,USD,7.190400,2022-10-13 13:19:07,,P
2948458143173670933,2022101322001195201417704313,16.55,119.00,0.00,16.55,0.00,0.00,USD,7.190400,2022-10-13 13:18:36,,P
1700666115568064199,2022101322001173581457682293,13.77,99.00,,,,,USD,7.190400,2022-10-13 13:18:03,,P
2947121532560143309,2022101322001140801414124133,16.55,119.00,,,,,USD,7.190400,2022-10-13 13:17:51,,P
2948448855612297543,2022101322001131041402562122,13.77,99.00,0.00,13.77,0.00,0.00,USD,7.190400,2022-10-13 13:17:31,,P
2948447343720861300,2022101322001134495719991246,16.55,119.00,,,,,USD,7.190400,2022-10-13 13:17:19,,P
1700003568503956773,2022101322001111475720646596,16.55,119.00,4.90,,11.65,83.77,USD,7.190400,2022-10-13 13:16:33,,P
2948454939229953951,2022101322001122875746920212,16.55,119.00,,,,,USD,7.190400,2022-10-13 13:16:32,,P
2947832893283505911,2022101322001132771402178622,13.36,96.03,,,,,USD,7.190400,2022-10-13 13:15:58,,P
2948456991071692733,2022101322001187575701493100,13.77,99.00,0.00,13.77,0.00,0.00,USD,7.190400,2022-10-13 13:15:54,,P
2947825441926124106,2022101322001192595707613353,16.55,119.00,,,,,USD,7.190400,2022-10-13 13:15:52,,P
2947121172221707050,2022101322001116375701348994,16.55,119.00,0.00,16.55,0.00,0.00,USD,7.190400,2022-10-13 13:14:22,,P
2948447919279693664,2022101322001152311420831938,16.55,119.00,,,,,USD,7.190400,2022-10-13 13:14:12,,P
2948448675288350664,2022101322001161001403653622,16.55,119.00,,,,,USD,7.190400,2022-10-13 13:14:09,,P
2947122720016914135,2022101322001197661450833864,16.55,119.00,,,,,USD,7.190400,2022-10-13 13:14:09,,P
2948202974424073244,2022101322001182741457025407,16.55,119.00,,,,,USD,7.190400,2022-10-13 13:13:50,,P
1700662550349581476,2022101322001141841416126305,16.55,119.00,,,,,USD,7.190400,2022-10-13 13:12:25,,P
2947119768014063802,2022101322001120481432436775,13.36,96.03,,,,,USD,7.190400,2022-10-13 13:12:12,,P
2947112244331347801,2022101322001126541430865794,16.55,119.00,0.00,16.55,0.00,0.00,USD,7.190400,2022-10-13 13:10:59,,P
2947114512192142025,2022101322001182141403926892,15.40,110.75,6.71,,8.69,62.48,USD,7.190400,2022-10-13 13:10:51,2022-10-17 12:46:00,P
2947103424934152353,2022101322001168251423053743,16.55,119.00,,,,,USD,7.190400,2022-10-13 13:10:41,,P
2947103712730063802,2022101322001120481432224669,16.55,119.00,,,,,USD,7.190400,2022-10-13 13:10:23,,P
2948440107316259607,2022101322001195335700350743,16.55,119.00,,,,,USD,7.190400,2022-10-13 13:09:36,,P
2947820293605886426,2022101322001182981420488525,16.55,119.00,,,,,USD,7.190400,2022-10-13 13:09:34,,P
2948186990889440632,2022101322001195661455490617,16.55,119.00,,,,,USD,7.190400,2022-10-13 13:09:24,,P
2947099464512610805,2022101322001199281408888567,13.77,99.00,,,,,USD,7.190400,2022-10-13 13:06:31,,P
1700654846679794268,2022101322001140781401344912,16.55,119.00,4.90,,11.65,83.77,USD,7.190400,2022-10-13 13:05:11,,P
2948355147209897952,2022101322001183541435379052,16.55,119.00,5.31,,11.24,80.82,USD,7.190400,2022-10-13 12:26:35,2022-10-17 12:46:00,P
2947308373450891816,2022101322001107035758457349,16.53,119.00,,,,,USD,7.200900,2022-10-13 09:36:20,,P
2947292821253108812,2022101322001198661451225003,16.53,119.00,,,,,USD,7.200900,2022-10-13 09:19:44,,P
2947279249302547258,2022101322001116055722306200,15.14,109.00,4.02,,11.12,80.07,USD,7.200900,2022-10-13 09:10:52,,P
2947644254698147547,2022101322001135755713635314,34.58,249.00,,,,,USD,7.200900,2022-10-13 09:02:18,,P
2947130497409132958,2022101322001155955727422856,20.69,149.00,3.85,,16.84,121.26,USD,7.200900,2022-10-13 07:04:45,,P
2947469330044349452,2022101322001126801414126252,16.53,119.00,,,,,USD,7.200900,2022-10-13 04:43:06,,P
2946994489699315362,2022101222001172661457470633,35.97,259.00,,,,,USD,7.200900,2022-10-12 23:51:19,,P
2946023280951502103,2022101222001170041400472021,13.34,96.03,0.00,13.34,0.00,0.00,USD,7.200900,2022-10-12 21:22:09,,P
2947353843611908062,2022101222001140291411809837,16.53,119.00,3.70,,12.83,92.39,USD,7.200900,2022-10-12 21:20:45,2022-10-17 12:46:00,P
2945956464080966258,2022101222001131435749336378,16.53,119.00,,,,,USD,7.200900,2022-10-12 20:40:45,,P
2946409021139329414,2022101222001122521434732756,29.02,209.00,8.70,,20.32,146.32,USD,7.200900,2022-10-12 18:30:43,2022-10-17 12:46:00,P
2946552266845963646,2022101222001146395739613700,13.59,97.87,,,,,USD,7.200900,2022-10-12 16:43:32,,P
2946719235207803433,2022101222001104161403948883,16.53,119.00,0.00,16.53,0.00,0.00,USD,7.200900,2022-10-12 16:01:51,,P
1699906441863674999,2022101222001112875746236432,16.53,119.00,,,,,USD,7.200900,2022-10-12 15:33:37,,P
1699169016356187874,2022101222001189075736692226,16.53,119.00,,,,,USD,7.200900,2022-10-12 15:05:01,,P
2945160576069675461,2022101222001199641449383736,13.34,96.03,,,,,USD,7.200900,2022-10-12 14:01:15,,P
1699823353292310491,2022101222001151075737567743,16.53,119.00,,,,,USD,7.200900,2022-10-12 13:50:45,,P
1699016556781028476,2022101222001105935744802722,14.68,105.73,,,,,USD,7.200900,2022-10-12 12:17:05,,P
1699702105851919074,2022101222001188395738076098,16.53,119.00,,,,,USD,7.200900,2022-10-12 11:47:23,,P
2944554480394483164,2022101222001173321432921607,16.51,119.00,,,,,USD,7.207300,2022-10-12 09:45:59,,P
2945815167523207046,2022101222001195875746231452,33.16,239.00,,,,,USD,7.207300,2022-10-12 09:09:30,,P
2945774091437313428,2022101222001152781458678545,13.74,99.00,,,,,USD,7.207300,2022-10-12 08:37:16,,P
1699474873998401886,2022101222001125771453207293,16.51,119.00,,,,,USD,7.207300,2022-10-12 07:35:50,,P
1699411010333004575,2022101222001104395739073322,13.32,96.03,,,,,USD,7.207300,2022-10-12 07:29:34,,P
2944380600508339817,2022101222001151195735211396,16.51,119.00,0.00,16.51,0.00,0.00,USD,7.207300,2022-10-12 07:18:59,,P
1698718908041515268,2022101222001189895745215165,16.51,119.00,4.89,,11.62,83.75,USD,7.207300,2022-10-12 01:25:01,2022-10-17 12:46:00,P
1698644712971765167,2022101122001107615725935714,16.51,119.00,,,,,USD,7.207300,2022-10-11 22:50:27,,P
1699296279806891996,2022101122001116095737124244,34.55,249.00,,,,,USD,7.207300,2022-10-11 22:49:36,,P
2945245862245184021,2022101122001195241446404973,16.51,119.00,0.00,16.51,0.00,0.00,USD,7.207300,2022-10-11 22:36:48,,P
2944089936682966409,2022101122001194341436832699,16.51,119.00,,,,,USD,7.207300,2022-10-11 22:10:10,,P
2944005300848644513,2022101122001142201415849106,16.51,119.00,,,,,USD,7.207300,2022-10-11 21:28:27,,P
1699209842301147896,2022101122001174441425298291,34.55,249.00,,,,,USD,7.207300,2022-10-11 21:03:03,,P
1699037655549423374,2022101122001149501444423731,16.51,119.00,,,,,USD,7.207300,2022-10-11 18:01:42,,P
1698345840430228376,2022101122001188195735418026,20.67,149.00,,,,,USD,7.207300,2022-10-11 17:27:57,,P
2944482950359684834,2022101122001167875745702551,16.51,119.00,,,,,USD,7.207300,2022-10-11 16:22:18,,P
2944706043025542422,2022101122001144281415932266,13.74,99.00,5.05,,8.69,62.63,USD,7.207300,2022-10-11 16:20:31,,P
2944020673263785947,2022101122001164635751723594,16.51,119.00,4.89,,11.62,83.75,USD,7.207300,2022-10-11 15:40:35,2022-10-17 12:46:00,P
2943274248797272805,2022101122001150195735645943,13.32,96.03,4.64,,8.68,62.56,USD,7.207300,2022-10-11 15:34:31,,P
2942318196819392560,2022101122001105321424789782,16.51,119.00,4.89,,11.62,83.75,USD,7.207300,2022-10-11 14:56:31,2022-10-17 12:46:00,P
1698186072164555486,2022101122001181101403444552,13.74,99.00,4.84,,8.90,64.14,USD,7.207300,2022-10-11 14:30:00,2022-10-17 12:46:00,P
2943845857771677546,2022101122001161941413514409,30.25,218.00,6.67,,23.58,169.95,USD,7.207300,2022-10-11 14:09:45,,P
2943839269286256344,2022101122001132895744577584,16.51,119.00,,,,,USD,7.207300,2022-10-11 14:01:58,,P
2943777241991742961,2022101122001198791455494041,16.51,119.00,4.89,,11.62,83.75,USD,7.207300,2022-10-11 13:34:06,2022-10-17 12:46:00,P
2943008028401069253,2022101122001139835701566629,13.74,99.00,5.05,,8.69,62.63,USD,7.207300,2022-10-11 13:11:27,,P
2944311915915994451,2022101122001110395738746208,13.73,98.94,5.05,,8.68,62.56,USD,7.207300,2022-10-11 12:58:03,,P
2944081803287940909,2022101122001190915743504806,16.51,119.00,,,,,USD,7.207300,2022-10-11 11:22:04,,P
2943683534339401210,2022101122001141271401782679,16.54,119.00,,,,,USD,7.194800,2022-10-11 10:23:29,,P
1697884968083895281,2022101122001148261401291935,16.67,119.00,0.00,16.67,0.00,0.00,USD,7.140300,2022-10-11 10:05:38,,P
1696607544164663273,2022101022001196415757023775,13.86,99.00,5.10,,8.76,62.55,USD,7.140300,2022-10-11 10:01:28,,P
2943628238938209828,2022101122001185335759242932,16.67,119.00,,,,,USD,7.140300,2022-10-11 09:59:35,,P
1698530666760428079,2022101122001197771457088456,13.45,96.03,4.47,,8.98,64.12,USD,7.140300,2022-10-11 09:39:50,2022-10-17 12:46:00,P
1698504566687035375,2022101122001167121451430477,16.67,119.00,4.94,,11.73,83.76,USD,7.140300,2022-10-11 09:05:26,2022-10-17 12:46:00,P
1698479979739138771,2022101122001137341427864538,13.45,96.03,4.47,,8.98,64.12,USD,7.140300,2022-10-11 08:27:50,,P
2943093385770947360,2022101122001196221444853587,16.67,119.00,4.73,,11.94,85.26,USD,7.140300,2022-10-11 08:25:46,2022-10-17 12:46:00,P
1698472887892789672,2022101122001140861415858606,16.67,119.00,,,,,USD,7.140300,2022-10-11 08:14:21,,P
1698540817178477481,2022101122001155261456982752,16.67,119.00,,,,,USD,7.140300,2022-10-11 08:09:38,,P
1698441809633641755,2022101122001129361427397905,16.67,119.00,4.94,,11.73,83.76,USD,7.140300,2022-10-11 03:36:24,,P
1698013525316793579,2022101122001130195734935648,16.67,119.00,,,,,USD,7.140300,2022-10-11 02:02:07,,P
1698155186486876699,2022101022001172771402790183,16.67,119.00,,,,,USD,7.140300,2022-10-10 23:15:00,,P
2942777370757189737,2022101022001154641455224347,16.67,119.00,,,,,USD,7.140300,2022-10-10 22:08:41,,P
2941607988085531324,2022101022001105161450625354,16.67,119.00,,,,,USD,7.140300,2022-10-10 21:39:05,,P
2942730434472919419,2022101022001147975743425111,13.45,96.03,4.47,,8.98,64.12,USD,7.140300,2022-10-10 21:38:22,,P
1697109528556630892,2022101022001179691451144212,16.67,119.00,5.34,,11.33,80.90,USD,7.140300,2022-10-10 21:25:27,2022-10-17 12:46:00,P
1697749143287425792,2022101022001185461422343967,16.67,119.00,5.34,,11.33,80.90,USD,7.140300,2022-10-10 20:55:51,,P
2942216785114894548,2022101022001144781456824585,13.45,96.03,4.68,,8.77,62.62,USD,7.140300,2022-10-10 20:53:33,2022-10-17 12:46:00,P
2942820903209393956,2022101022001147111448320519,16.67,119.00,,,,,USD,7.140300,2022-10-10 20:49:57,,P
2942751603077110561,2022101022001161451439744812,13.79,98.46,5.02,,8.77,62.62,USD,7.140300,2022-10-10 20:15:59,,P
2941371396198937838,2022101022001169471420922889,16.67,119.00,,,,,USD,7.140300,2022-10-10 19:58:38,,P
1697684018701922693,2022101022001142911409553879,16.67,119.00,4.94,,11.73,83.76,USD,7.140300,2022-10-10 19:48:05,2022-10-17 12:46:00,P
2942467166612083105,2022101022001119511420039202,13.45,96.03,4.47,,8.98,64.12,USD,7.140300,2022-10-10 19:45:49,,P
1697743093930009681,2022101022001172441420563413,34.87,249.00,0.00,34.87,0.00,0.00,USD,7.140300,2022-10-10 19:31:48,,P
2941277616117951103,2022101022001142335758869305,16.67,119.00,4.94,,11.73,83.76,USD,7.140300,2022-10-10 19:12:07,2022-10-17 12:46:00,P
2941952257877627324,2022101022001175651403841370,16.67,119.00,,,,,USD,7.140300,2022-10-10 18:56:05,,P
2942360102525539213,2022101022001128341432085389,16.67,119.00,4.94,,11.73,83.76,USD,7.140300,2022-10-10 18:51:48,,P
2942438295446680740,2022101022001122341435471939,16.67,119.00,,,,,USD,7.140300,2022-10-10 17:51:54,,P
1697539587810678892,2022101022001181301451964151,13.89,99.00,4.90,,8.99,64.06,USD,7.125200,2022-10-10 17:20:18,,P
2942164334301670844,2022101022001188281404092885,16.70,119.00,,,,,USD,7.125200,2022-10-10 17:19:11,,P
2942348799978258805,2022101022001143731424227701,36.35,259.00,5.96,,30.39,216.53,USD,7.125200,2022-10-10 17:13:28,2022-10-17 12:46:00,P
1697602945801226089,2022101022001147781452356936,16.70,119.00,,,,,USD,7.125200,2022-10-10 17:05:32,,P
2940958440020172927,2022101022001145921409909384,37.61,268.00,,,,,USD,7.125200,2022-10-10 16:40:45,,P
1697569357102511776,2022101022001134651413434003,16.70,119.00,4.95,,11.75,83.72,USD,7.125200,2022-10-10 16:27:57,,P
1697545345741767366,2022101022001182291404919896,13.89,99.00,4.90,,8.99,64.06,USD,7.125200,2022-10-10 16:02:08,,P
2941994594732731041,2022101022001141821405878561,16.70,119.00,4.95,,11.75,83.72,USD,7.125200,2022-10-10 15:58:38,2022-10-17 12:46:00,P
2940865704429731041,2022101022001141821405294396,16.70,119.00,0.00,16.70,0.00,0.00,USD,7.125200,2022-10-10 15:57:49,,P
1697453439271145780,2022101022001187581445933774,29.19,207.95,8.05,,21.14,150.63,USD,7.125200,2022-10-10 15:45:50,,P
1696787724269708599,2022101022001163541427428944,16.70,119.00,4.80,,11.90,84.79,USD,7.125200,2022-10-10 15:45:38,2022-10-17 12:46:00,P
2942168763994333155,2022101022001119035755729962,16.70,119.00,,,,,USD,7.125200,2022-10-10 15:44:17,,P
2942156487284876036,2022101022001106595705199105,13.89,99.00,4.90,,8.99,64.06,USD,7.125200,2022-10-10 15:30:31,2022-10-17 12:46:00,P
1696767276019293273,2022101022001162931413511899,16.70,119.00,,,,,USD,7.125200,2022-10-10 15:21:42,,P
2942133231964698810,2022101022001120961414391110,16.70,119.00,,,,,USD,7.125200,2022-10-10 15:20:47,,P
1697429895236218199,2022101022001108355731783013,16.70,119.00,,,,,USD,7.125200,2022-10-10 15:18:15,,P
2941915070419581356,2022101022001180671456900336,15.54,110.75,6.55,,8.99,64.06,USD,7.125200,2022-10-10 15:12:48,,P
2941904090542048730,2022101022001192881414534346,30.74,219.00,,,,,USD,7.125200,2022-10-10 15:08:20,,P
2941870898849405863,2022101022001110791454966704,13.89,99.00,5.11,,8.78,62.56,USD,7.125200,2022-10-10 14:54:19,,P
2941461793219490657,2022101022001164911409611560,16.70,119.00,,,,,USD,7.125200,2022-10-10 14:48:13,,P
2940731136067134524,2022101022001142555718660398,16.70,119.00,4.95,,11.75,83.72,USD,7.125200,2022-10-10 14:42:15,2022-10-17 12:46:00,P
2940685740776412964,2022101022001163141451900574,16.70,119.00,4.95,,11.75,83.72,USD,7.125200,2022-10-10 14:24:39,2022-10-17 12:46:00,P
1696716408707904287,2022101022001184095735904699,16.70,119.00,,,,,USD,7.125200,2022-10-10 14:23:37,,P
2942023791279804807,2022101022001109291400201525,13.88,98.90,5.09,,8.79,62.63,USD,7.125200,2022-10-10 14:20:33,2022-10-17 12:46:00,P
2940669684851871708,2022101022001199251415921553,16.70,119.00,4.95,,11.75,83.72,USD,7.125200,2022-10-10 14:17:51,,P
1697304794026432589,2022101022001146681449043298,15.54,110.75,6.76,,8.78,62.56,USD,7.125200,2022-10-10 14:17:30,,P
1697452069687289799,2022101022001174231448982123,40.57,289.06,11.17,,29.40,209.48,USD,7.125200,2022-10-10 14:17:15,,P
2941393753305313013,2022101022001168875745810173,27.93,199.00,8.22,,19.71,140.44,USD,7.125200,2022-10-10 14:13:13,2022-10-17 12:46:00,P
1696700568954420490,2022101022001152431417069543,16.70,119.00,,,,,USD,7.125200,2022-10-10 14:04:39,,P
1697358075548651180,2022101022001173861459396510,16.70,119.00,,,,,USD,7.125200,2022-10-10 13:57:34,,P
1697431441863400170,2022101022001192711454805815,16.70,119.00,,,,,USD,7.125200,2022-10-10 13:54:01,,P
2941349689645708700,2022101022001127921408855057,16.70,119.00,,,,,USD,7.125200,2022-10-10 13:52:00,,P
2941758686710538963,2022101022001167095735819663,16.70,119.00,4.95,,11.75,83.72,USD,7.125200,2022-10-10 13:51:51,,P
2941314625359472201,2022101022001150471423439271,16.70,119.00,5.35,,11.35,80.87,USD,7.125200,2022-10-10 13:32:10,2022-10-17 12:46:00,P
1697335251804639794,2022101022001100081453332158,16.70,119.00,,,,,USD,7.125200,2022-10-10 13:31:39,,P
1697332227562755091,2022101022001127641447372573,13.89,99.00,5.11,,8.78,62.56,USD,7.125200,2022-10-10 13:28:27,2022-10-17 12:46:00,P
2941714298680213157,2022101022001146075735634769,13.89,99.00,5.11,,8.78,62.56,USD,7.125200,2022-10-10 13:25:19,2022-10-17 12:46:00,P
2941918167144781402,2022101022001114731458406807,16.70,119.00,,,,,USD,7.125200,2022-10-10 13:23:47,,P
2941897395768197359,2022101022001182961415045688,13.48,96.03,4.48,,9.00,64.13,USD,7.125200,2022-10-10 13:19:25,,P
2940558408786840840,2022101022001164671452116206,16.70,119.00,,,,,USD,7.125200,2022-10-10 13:17:27,,P
2941270633927966019,2022101022001115201404081648,16.70,119.00,4.74,,11.96,85.22,USD,7.125200,2022-10-10 13:14:03,,P
1697393389973996675,2022101022001191615725488151,16.70,119.00,,,,,USD,7.125200,2022-10-10 13:12:41,,P
2941260373937461212,2022101022001143861415761429,13.48,96.03,4.69,,8.79,62.63,USD,7.125200,2022-10-10 13:08:38,,P
1697389501916112891,2022101022001180321429071940,16.70,119.00,,,,,USD,7.125200,2022-10-10 13:08:32,,P
2940537348967017029,2022101022001189161450943533,16.70,119.00,,,,,USD,7.125200,2022-10-10 13:07:52,,P
1697387233424533499,2022101022001117231449043707,16.70,119.00,,,,,USD,7.125200,2022-10-10 13:04:28,,P
2941670846471156837,2022101022001154251419470805,13.89,99.00,4.90,,8.99,64.06,USD,7.125200,2022-10-10 13:04:00,,P
1697385145988341277,2022101022001165335759333238,16.70,119.00,,,,,USD,7.125200,2022-10-10 13:03:37,,P
2941875867231326127,2022101022001141951424640552,16.70,119.00,0.00,16.70,0.00,0.00,USD,7.125200,2022-10-10 13:03:07,,P
2941877199025473747,2022101022001170375759004596,13.48,96.03,4.48,,9.00,64.13,USD,7.125200,2022-10-10 13:02:20,,P
2940538896120293520,2022101022001195961406760151,16.70,119.00,,,,,USD,7.125200,2022-10-10 13:01:55,,P
2941245721788402917,2022101022001178181448606677,16.70,119.00,,,,,USD,7.125200,2022-10-10 12:59:46,,P
2940532488200018264,2022101022001153191454950559,16.70,119.00,4.74,,11.96,85.22,USD,7.125200,2022-10-10 12:59:36,2022-10-17 12:46:00,P
2940522804697177923,2022101022001163381430878285,16.70,119.00,,,,,USD,7.125200,2022-10-10 12:59:11,,P
2941870395028215224,2022101022001107451441286936,16.70,119.00,4.95,,11.75,83.72,USD,7.125200,2022-10-10 12:58:47,2022-10-17 12:46:00,P
2940518304965771154,2022101022001118531420888610,16.70,119.00,,,,,USD,7.125200,2022-10-10 12:57:59,,P
1697303427794170277,2022101022001106361423773611,16.70,119.00,,,,,USD,7.125200,2022-10-10 12:57:08,,P
1697297846816862489,2022101022001121401442315235,16.70,119.00,0.00,16.70,0.00,0.00,USD,7.125200,2022-10-10 12:56:59,,P
2940514992972742013,2022101022001114141453781158,16.70,119.00,,,,,USD,7.125200,2022-10-10 12:56:46,,P
2941655942533284505,2022101022001125555718738020,16.70,119.00,,,,,USD,7.125200,2022-10-10 12:56:34,,P
1697296298685429072,2022101022001144121449996377,16.70,119.00,0.00,16.70,0.00,0.00,USD,7.125200,2022-10-10 12:55:27,,P
1697376145908098285,2022101022001185771454220866,16.70,119.00,4.95,,11.75,83.72,USD,7.125200,2022-10-10 12:54:21,2022-10-17 12:46:00,P
2941839543060575241,2022101022001104081452971917,16.70,119.00,4.95,,11.75,83.72,USD,7.125200,2022-10-10 12:44:46,,P
2941209829743265516,2022101022001196241444203213,16.70,119.00,,,,,USD,7.125200,2022-10-10 12:44:28,,P
2941635098167752063,2022101022001102161459802387,16.70,119.00,,,,,USD,7.125200,2022-10-10 12:43:47,,P
2941633298255022863,2022101022001133355731219469,16.70,119.00,,,,,USD,7.125200,2022-10-10 12:43:40,,P
2940491124205216206,2022101022001133661449705651,16.70,119.00,0.00,16.70,0.00,0.00,USD,7.125200,2022-10-10 12:38:52,,P
2941820427071906805,2022101022001156781452583066,16.70,119.00,,,,,USD,7.125200,2022-10-10 12:35:46,,P
2941592654304917011,2022101022001101041448191740,16.70,119.00,4.95,,11.75,83.72,USD,7.125200,2022-10-10 12:34:25,2022-10-17 12:46:00,P
2941189417816137538,2022101022001139581444630830,13.89,99.00,5.11,,8.78,62.56,USD,7.125200,2022-10-10 12:34:17,,P
1696616436379995395,2022101022001140941416008015,13.48,96.03,4.69,,8.79,62.63,USD,7.125200,2022-10-10 12:32:32,2022-10-17 12:46:00,P
1697268254639432497,2022101022001116501439656952,16.70,119.00,,,,,USD,7.125200,2022-10-10 12:32:04,,P
2941803147419724055,2022101022001149121448690089,13.48,96.03,4.69,,8.79,62.63,USD,7.125200,2022-10-10 12:30:27,,P
1697276823436409766,2022101022001185321422502411,16.70,119.00,,,,,USD,7.125200,2022-10-10 12:30:20,,P
2941172893977380862,2022101022001118855726201778,16.70,119.00,,,,,USD,7.125200,2022-10-10 12:27:59,,P
2941796379341591523,2022101022001129861407611526,16.70,119.00,4.74,,11.96,85.22,USD,7.125200,2022-10-10 12:27:07,2022-10-17 12:46:00,P
1697273187922704475,2022101022001196701458960192,16.70,119.00,,,,,USD,7.125200,2022-10-10 12:27:07,,P
2941585346902240408,2022101022001176421422544415,13.89,99.00,5.11,,8.78,62.56,USD,7.125200,2022-10-10 12:27:04,,P
2941175413456353739,2022101022001105941407514355,16.70,119.00,,,,,USD,7.125200,2022-10-10 12:26:01,,P
1697266922375663273,2022101022001196415756629658,20.91,149.00,0.00,20.91,0.00,0.00,USD,7.125200,2022-10-10 12:25:53,,P
2941585742611235118,2022101022001151641456601424,13.48,96.03,4.69,,8.79,62.63,USD,7.125200,2022-10-10 12:25:01,2022-10-17 12:46:00,P
2940445584934458336,2022101022001119381429636203,13.48,96.03,4.69,,8.79,62.63,USD,7.125200,2022-10-10 12:24:41,2022-10-17 12:46:00,P
2941166989303501958,2022101022001148181454138585,13.89,99.00,4.90,,8.99,64.06,USD,7.125200,2022-10-10 12:23:46,,P
1697270451524663273,2022101022001196415756849415,16.70,119.00,0.00,16.70,0.00,0.00,USD,7.125200,2022-10-10 12:23:19,,P
2941777587932609002,2022101022001184691458885149,16.70,119.00,,,,,USD,7.125200,2022-10-10 12:23:13,,P
1696605708836498286,2022101022001140941415016107,13.89,99.00,5.11,,8.78,62.56,USD,7.125200,2022-10-10 12:22:51,,P
2941783887486266118,2022101022001115095736196404,16.70,119.00,,,,,USD,7.125200,2022-10-10 12:22:42,,P
2941783347364285206,2022101022001132211450134539,16.70,119.00,4.95,,11.75,83.72,USD,7.125200,2022-10-10 12:22:33,,P
2941576347000225847,2022101022001145121454734990,13.48,96.03,,,,,USD,7.125200,2022-10-10 12:22:23,,P
2941581962546112536,2022101022001196541424515344,13.89,99.00,4.90,,8.99,64.06,USD,7.125200,2022-10-10 12:22:20,,P
2940448644515057063,2022101022001187291402481507,16.70,119.00,,,,,USD,7.125200,2022-10-10 12:22:03,,P
2941163209705050811,2022101022001113951428196602,16.70,119.00,,,,,USD,7.125200,2022-10-10 12:22:01,,P
1697268363887172592,2022101022001195855725631450,16.70,119.00,,,,,USD,7.125200,2022-10-10 12:21:58,,P
2940452928178907365,2022101022001142471421183706,16.70,119.00,,,,,USD,7.125200,2022-10-10 12:21:57,,P
1696605924079195769,2022101022001164015716052894,16.70,119.00,4.74,,11.96,85.22,USD,7.125200,2022-10-10 12:21:57,2022-10-17 12:46:00,P
2941788783039667452,2022101022001182841418801478,16.70,119.00,,,,,USD,7.125200,2022-10-10 12:21:52,,P
2941584122429187102,2022101022001165355731824236,16.70,119.00,,,,,USD,7.125200,2022-10-10 12:21:50,,P
1697342953261762387,2022101022001183555718552009,16.70,119.00,,,,,USD,7.125200,2022-10-10 12:21:40,,P
2940453324095711324,2022101022001121691456110655,16.70,119.00,,,,,USD,7.125200,2022-10-10 12:21:40,,P
2941167313356299926,2022101022001154191452573949,13.89,99.00,5.11,,8.78,62.56,USD,7.125200,2022-10-10 12:21:37,2022-10-17 12:46:00,P
2941155757958384056,2022101022001111601418142273,16.70,119.00,,,,,USD,7.125200,2022-10-10 12:21:25,,P
2941783311299021031,2022101022001153751408700348,16.70,119.00,,,,,USD,7.125200,2022-10-10 12:21:22,,P
1696604844542855279,2022101022001185661447655587,16.70,119.00,,,,,USD,7.125200,2022-10-10 12:21:17,,P
1696604736527848991,2022101022001110381429506108,16.70,119.00,,,,,USD,7.125200,2022-10-10 12:21:17,,P
2941165765843277226,2022101022001104181453710062,16.70,119.00,4.74,,11.96,85.22,USD,7.125200,2022-10-10 12:21:05,,P
2941582502242450520,2022101022001130895744651334,15.54,110.75,6.76,,8.78,62.56,USD,7.125200,2022-10-10 12:20:34,,P
1697341081614300073,2022101022001145861403942558,16.70,119.00,,,,,USD,7.125200,2022-10-10 12:20:17,,P
1697340361768531474,2022101022001168781452221406,16.70,119.00,4.95,,11.75,83.72,USD,7.125200,2022-10-10 12:20:17,2022-10-17 12:46:00,P
1697341225342384981,2022101022001139081447483236,16.70,119.00,4.74,,11.96,85.22,USD,7.125200,2022-10-10 12:20:05,2022-10-17 12:46:00,P
1697259506254555389,2022101022001182395737820036,16.70,119.00,,,,,USD,7.125200,2022-10-10 12:20:01,,P
2941780251241912647,2022101022001138541420638353,16.70,119.00,,,,,USD,7.125200,2022-10-10 12:19:51,,P
1697265663866763869,2022101022001153015715822435,13.89,99.00,5.11,,8.78,62.56,USD,7.125200,2022-10-10 12:19:47,,P
2941577066410724650,2022101022001143451439660256,16.70,119.00,0.00,16.70,0.00,0.00,USD,7.125200,2022-10-10 12:19:43,,P
2941780323549004503,2022101022001145035755956107,16.70,119.00,,,,,USD,7.125200,2022-10-10 12:19:02,,P
2940875029500020428,2022101022001159581442079504,41.96,299.00,6.68,,35.28,251.38,USD,7.125200,2022-10-10 10:47:56,2022-10-17 12:46:00,P
2941170735802044019,2022101022001123835759406962,30.54,218.00,6.93,,23.61,168.54,USD,7.138400,2022-10-10 07:43:07,,P
2941042539867110427,2022101022001163201414969842,39.08,279.00,,,,,USD,7.138400,2022-10-10 01:29:33,,P
2939568696171792563,2022100922001155021443118826,14.81,105.73,3.60,,11.21,80.02,USD,7.138400,2022-10-09 23:20:03,,P
2871736087228852149,2022090622001138331418724148,-14.10,-98.36,-0.64,,-13.46,-93.87,USD,6.974000,2022-10-09 22:29:28,2022-10-17 12:46:00,R
2871736087227852149,2022090622001138331418724148,-12.64,-88.15,-0.57,,-12.07,-84.18,USD,6.974000,2022-10-09 22:29:10,2022-10-17 12:46:00,R
2871736087229852149,2022090622001138331418724148,-12.64,-88.16,-0.52,,-12.12,-84.52,USD,6.974000,2022-10-09 22:28:52,2022-10-17 12:46:00,R
1696731351894315397,2022100922001150721457248293,36.28,259.00,,,,,USD,7.138400,2022-10-09 20:36:47,,P
2940041667678321334,2022100922001166711447136707,27.88,199.00,8.42,,19.46,138.91,USD,7.138400,2022-10-09 15:58:16,,P
1696382618739829897,2022100922001106835759623545,27.61,197.12,0.00,27.61,0.00,0.00,USD,7.138400,2022-10-09 14:28:07,,P
2938395816221565459,2022100922001153971411077422,12.07,86.19,0.00,12.07,0.00,0.00,USD,7.138400,2022-10-09 13:11:19,,P
1696256905203657682,2022100922001180001450978263,16.67,119.00,,,,,USD,7.138400,2022-10-09 10:52:39,,P
1696159021654084892,2022100922001173015715824106,15.27,109.00,4.06,,11.21,80.02,USD,7.138400,2022-10-09 08:55:21,,P
2936783404261792240,2022100822001136501437833748,33.48,239.00,0.00,33.48,0.00,0.00,USD,7.138400,2022-10-08 18:50:02,,P
1694547300297151885,2022100822001154615723446891,33.48,239.00,,,,,USD,7.138400,2022-10-08 18:40:08,,P
2937513819192675409,2022100822001130395735836678,34.18,244.00,,,,,USD,7.138400,2022-10-08 14:06:19,,P
1694813595833311793,2022100822001131921411562952,16.67,119.00,,,,,USD,7.138400,2022-10-08 13:22:47,,P
1694798473960478080,2022100822001117821459652131,72.57,518.00,10.63,,61.94,442.15,USD,7.138400,2022-10-08 11:39:45,2022-10-17 12:46:00,P
2935701324512656227,2022100822001190821409289622,33.48,239.00,0.00,33.48,0.00,0.00,USD,7.138400,2022-10-08 11:03:34,,P
2936433783412628105,2022100722001195481414624007,20.87,149.00,3.89,,16.98,121.21,USD,7.138400,2022-10-07 22:25:36,2022-10-17 12:46:00,P
2936216199611058510,2022100722001151511423627075,34.88,249.00,0.00,34.88,0.00,0.00,USD,7.138400,2022-10-07 20:49:55,,P
1693787486986765084,2022100722001163861406032461,36.28,259.00,5.95,,30.33,216.51,USD,7.138400,2022-10-07 13:50:49,2022-10-17 12:46:00,P
1692977268664818889,2022100722001111691459465037,20.87,149.00,,,,,USD,7.138400,2022-10-07 11:28:46,,P
2934604371698210737,2022100722001179551454214156,34.88,249.00,5.76,,29.12,207.87,USD,7.138400,2022-10-07 09:16:50,2022-10-17 12:46:00,P
2933374033705665911,2022100622001162531419616536,33.48,239.00,,,,,USD,7.138400,2022-10-06 21:07:19,,P
2932723441965104556,2022100622001145261455402387,107.45,767.00,,,,,USD,7.138400,2022-10-06 16:20:45,,P
2931876900357720538,2022100622001103791452141289,32.08,229.00,8.46,,23.62,168.61,USD,7.138400,2022-10-06 15:38:14,2022-10-17 12:46:00,P
2932626853148476715,2022100622001145061444495410,16.67,119.00,,,,,USD,7.138400,2022-10-06 15:28:56,,P
1692790646635413880,2022100622001171091445614655,34.88,249.00,0.00,34.88,0.00,0.00,USD,7.138400,2022-10-06 14:04:42,,P
1692204025550624985,2022100522001175415753304920,13.45,96.03,4.68,,8.77,62.60,USD,7.138400,2022-10-05 19:08:42,2022-10-17 12:46:00,P
2930714499533747841,2022100522001138511410344471,15.27,109.00,4.06,,11.21,80.02,USD,7.138400,2022-10-05 12:08:38,2022-10-17 12:46:00,P
2929883077842313353,2022100522001185991402761792,34.88,249.00,,,,,USD,7.138400,2022-10-05 11:05:16,,P
2930189078570396222,2022100522001143541414864287,16.67,119.00,3.27,,13.40,95.65,USD,7.138400,2022-10-05 10:11:29,2022-10-17 12:46:00,P
2928290472836548150,2022100422001111071442974195,27.04,193.03,7.59,,19.45,138.84,USD,7.138400,2022-10-04 20:37:15,2022-10-17 12:46:00,P
2874770750705839031,2022090722001112991415281131,-14.88,-104.00,-0.59,,-14.29,-99.91,USD,6.991300,2022-10-04 14:40:38,2022-10-17 12:46:00,R
1690280799058469592,2022100322001150851436815341,52.95,378.00,9.76,,43.19,308.31,USD,7.138400,2022-10-03 20:10:36,2022-10-17 12:46:00,P
2926901630486049902,2022100322001172311403934100,16.67,119.00,0.00,16.67,0.00,0.00,USD,7.138400,2022-10-03 16:25:19,,P
1690127725828808386,2022100322001125231435399201,34.88,249.00,,,,,USD,7.138400,2022-10-03 15:37:22,,P
2925535896850621128,2022100322001160521414189326,29.28,209.00,5.04,,24.24,173.03,USD,7.138400,2022-10-03 15:04:59,2022-10-17 12:46:00,P
2925819361858093924,2022100322001107251408843123,13.45,96.03,4.68,,8.77,62.60,USD,7.138400,2022-10-03 11:24:09,2022-10-17 12:46:00,P
2926154271596339237,2022100322001109911453401743,34.88,249.00,,,,,USD,7.138400,2022-10-03 08:20:32,,P
2924253325628163324,2022100222001190101448340396,34.88,249.00,5.76,,29.12,207.87,USD,7.138400,2022-10-02 14:56:56,2022-10-17 12:46:00,P
2924116238893550708,2022100222001180581435670446,16.67,119.00,4.94,,11.73,83.73,USD,7.138400,2022-10-02 11:02:22,2022-10-17 12:46:00,P
2922901092899516553,2022100222001155491406401734,33.48,239.00,,,,,USD,7.138400,2022-10-02 10:59:26,,P
1688879785449170682,2022100222001198361413133219,34.88,249.00,,,,,USD,7.138400,2022-10-02 10:14:22,,P
2922790752406276262,2022100222001176471408493544,27.88,199.00,8.42,,19.46,138.91,USD,7.138400,2022-10-02 10:07:38,2022-10-17 12:46:00,P
1688707887344227483,2022100222001167331406479232,16.67,119.00,,,,,USD,7.138400,2022-10-02 08:40:57,,P
2922968449862106722,2022100122001126081431104888,34.88,249.00,5.76,,29.12,207.87,USD,7.138400,2022-10-02 00:21:11,2022-10-17 12:46:00,P
1687863504652660597,2022100122001111375753121033,30.68,219.00,5.56,,25.12,179.32,USD,7.138400,2022-10-01 21:54:37,2022-10-17 12:46:00,P
1688577025792865780,2022100122001168551446231366,12.07,86.19,3.39,,8.68,61.96,USD,7.138400,2022-10-01 21:12:59,2022-10-17 12:46:00,P
2922876506080835540,2022100122001181731444114827,34.88,249.00,5.76,,29.12,207.87,USD,7.138400,2022-10-01 17:16:52,,P
2922032485243914709,2022100122001198415750265276,112.88,805.79,29.64,,83.24,594.20,USD,7.138400,2022-10-01 13:50:35,2022-10-17 12:46:00,P
1687818362830901597,2022100122001112101448842627,56.06,400.17,15.05,,41.01,292.75,USD,7.138400,2022-10-01 10:29:21,2022-10-17 12:46:00,P
1686946116207894692,2022093022001116615718704770,34.82,249.00,5.54,,29.28,209.39,USD,7.151357,2022-09-30 23:05:48,,P
1687519274335509291,2022093022001112791443575695,34.82,249.00,5.75,,29.07,207.89,USD,7.151357,2022-09-30 22:24:20,2022-10-17 12:46:00,P
1687328331621911680,2022093022001147531405135221,34.82,249.00,5.54,,29.28,209.39,USD,7.151357,2022-09-30 19:32:32,,P
2918941740022447137,2022093022001115251457136615,29.23,209.00,5.03,,24.20,173.06,USD,7.151357,2022-09-30 13:26:20,2022-10-17 12:46:00,P
2918840436871155636,2022093022001100221436333017,60.77,434.56,14.01,,46.76,334.40,USD,7.151357,2022-09-30 12:35:04,2022-10-17 12:46:00,P
2918725524718201339,2022093022001133171439216721,39.01,279.00,6.29,,32.72,233.99,USD,7.151357,2022-09-30 11:39:16,2022-10-17 12:46:00,P
2919279421805968735,2022093022001151791436088021,27.83,199.00,8.40,,19.43,138.95,USD,7.151357,2022-09-30 10:07:02,2022-10-17 12:46:00,P
2918451852997870515,2022093022001123571429196176,28.98,209.00,4.99,,23.99,173.00,USD,7.211167,2022-09-30 09:39:40,,P
2919230713242802534,2022093022001143941453740201,16.50,119.00,3.24,,13.26,95.62,USD,7.211167,2022-09-30 09:24:33,,P
2919571635189526627,2022092922001107331404008816,18.70,134.83,9.90,,8.80,63.46,USD,7.211167,2022-09-29 22:02:59,2022-10-17 12:46:00,P
2919127070897902910,2022092922001159341411207770,27.60,199.00,8.34,,19.26,138.89,USD,7.211167,2022-09-29 20:31:01,2022-10-17 12:46:00,P
2918558846281903006,2022092922001182641435088990,26.90,194.00,7.64,,19.26,138.89,USD,7.211167,2022-09-29 15:10:24,2022-10-17 12:46:00,P
2917282213830496412,2022092922001125761427662804,16.43,119.00,0.00,16.43,0.00,0.00,USD,7.242600,2022-09-29 01:06:23,,P
1684517880833865780,2022092822001168551439120489,11.90,86.19,3.35,,8.55,61.92,USD,7.242600,2022-09-28 18:34:26,2022-10-17 12:46:00,P
2914272540422039744,2022092822001136641427636048,34.67,249.00,5.73,,28.94,207.86,USD,7.182300,2022-09-28 03:08:16,2022-10-17 12:46:00,P
2915683419703104460,2022092822001149171429118082,15.18,109.00,3.82,,11.36,81.59,USD,7.182300,2022-09-28 00:09:29,2022-10-17 12:46:00,P
1684234094374865395,2022092722001188401422059757,31.19,224.00,13.26,,17.93,128.78,USD,7.182300,2022-09-27 22:04:48,,P
2914048296120693428,2022092722001192701445987605,27.71,199.00,8.16,,19.55,140.41,USD,7.182300,2022-09-27 22:03:58,2022-10-17 12:46:00,P
1684253859411409484,2022092722001155751441193284,31.19,224.00,0.00,31.19,0.00,0.00,USD,7.182300,2022-09-27 21:39:12,,P
2914592870370768763,2022092722001195391414521686,28.23,202.73,7.85,,20.38,146.38,USD,7.182300,2022-09-27 16:50:59,2022-10-17 12:46:00,P
1683975973460828686,2022092722001124491458405354,34.67,249.00,5.73,,28.94,207.86,USD,7.182300,2022-09-27 14:19:43,2022-10-17 12:46:00,P
2913636422044505862,2022092722001149331401535941,36.07,259.00,5.70,,30.37,218.10,USD,7.181300,2022-09-27 09:03:19,2022-10-17 12:46:00,P
1683463865461303953,2022092622001111401421349132,15.18,109.00,4.95,,10.23,73.46,USD,7.181300,2022-09-26 23:01:39,,P
2913431511196661317,2022092622001195581419419400,34.67,249.00,5.67,,29.00,208.26,USD,7.181300,2022-09-26 21:58:35,2022-10-17 12:46:00,P
1682526211052813562,2022092622001197801440668944,28.23,202.73,8.06,,20.17,144.85,USD,7.181300,2022-09-26 17:34:37,2022-10-17 12:46:00,P
1682283759580080988,2022092622001174931446197313,47.82,343.38,8.22,,39.60,284.38,USD,7.181300,2022-09-26 16:21:33,2022-10-17 12:46:00,P
2911796065186434651,2022092622001135771422385845,34.67,249.00,5.88,,28.79,206.75,USD,7.181300,2022-09-26 16:00:13,2022-10-17 12:46:00,P
2911691161215114103,2022092622001100131422312893,17.28,124.10,3.84,,13.44,96.52,USD,7.181300,2022-09-26 15:18:08,2022-10-17 12:46:00,P
1681572468994983774,2022092622001121861446301047,15.18,109.00,3.71,,11.47,82.37,USD,7.181300,2022-09-26 15:07:58,2022-10-17 12:46:00,P
2912267811861253239,2022092622001173131420380478,34.67,249.00,5.88,,28.79,206.75,USD,7.181300,2022-09-26 14:18:44,2022-10-17 12:46:00,P
2912202435343220448,2022092622001152551459555194,54.70,392.79,10.59,,44.11,316.77,USD,7.181300,2022-09-26 13:33:17,2022-10-17 12:46:00,P
2912188971272499263,2022092622001153171428272292,34.67,249.00,5.67,,29.00,208.26,USD,7.181300,2022-09-26 13:27:26,2022-10-17 12:46:00,P
2912091123601102952,2022092622001198041419212453,50.60,363.38,8.15,,42.45,304.85,USD,7.181300,2022-09-26 12:40:25,2022-10-17 12:46:00,P
2910886705289629903,2022092622001130561419690072,43.70,312.20,13.46,,30.24,216.04,USD,7.144300,2022-09-26 08:38:38,2022-10-17 12:46:00,P
1681902697292738790,2022092622001189571414452369,17.37,124.10,3.59,,13.78,98.45,USD,7.144300,2022-09-26 00:53:24,2022-10-17 12:46:00,P
2910731725153174428,2022092622001171911443497464,50.86,363.38,8.40,,42.46,303.35,USD,7.144300,2022-09-26 00:43:46,2022-10-17 12:46:00,P
2910629881185064640,2022092522001105101429482435,29.97,214.10,5.28,,24.69,176.39,USD,7.144300,2022-09-25 23:07:26,2022-10-17 12:46:00,P
2910881126125902910,2022092522001159341401920172,29.97,214.10,0.00,29.97,0.00,0.00,USD,7.144300,2022-09-25 21:44:21,,P
1681780333482547483,2022092522001190531402724428,29.97,214.10,5.28,,24.69,176.39,USD,7.144300,2022-09-25 21:40:55,2022-10-17 12:46:00,P
2910344149493552737,2022092522001155101432621188,67.95,485.48,12.98,,54.97,392.72,USD,7.144300,2022-09-25 20:34:48,2022-10-17 12:46:00,P
2909901133480153539,2022092522001172601450896709,34.85,249.00,5.91,,28.94,206.76,USD,7.144300,2022-09-25 17:12:21,2022-10-17 12:46:00,P
2909828233034072049,2022092522001106491453683379,29.97,214.10,5.07,,24.90,177.89,USD,7.144300,2022-09-25 16:37:10,2022-10-17 12:46:00,P
2910283959438180303,2022092522001152191421842640,29.97,214.10,5.89,,24.08,172.03,USD,7.144300,2022-09-25 14:44:19,,P
2910283203159734309,2022092522001133601450076174,32.83,234.53,5.82,,27.01,192.97,USD,7.144300,2022-09-25 14:40:47,2022-10-17 12:46:00,P
1681178198667261175,2022092522001139011405395294,29.25,209.00,8.98,,20.27,144.81,USD,7.144300,2022-09-25 13:48:31,2022-10-17 12:46:00,P
2910164007204323610,2022092522001163981445998311,29.97,214.10,5.28,,24.69,176.39,USD,7.144300,2022-09-25 13:41:14,2022-10-17 12:46:00,P
2909525510672868353,2022092522001108171424572629,26.23,187.42,7.65,,18.58,132.74,USD,7.144300,2022-09-25 11:31:15,2022-10-17 12:46:00,P
2908623241065779247,2022092522001170571422946342,34.85,249.00,5.70,,29.15,208.26,USD,7.144300,2022-09-25 01:14:24,2022-10-17 12:46:00,P
2909229735961278346,2022092422001111161428577057,14.80,105.73,3.38,,11.42,81.59,USD,7.144300,2022-09-24 23:49:45,2022-10-17 12:46:00,P
2908446877130720714,2022092422001131831441192702,27.85,199.00,5.43,,22.42,160.18,USD,7.144300,2022-09-24 22:33:33,2022-10-17 12:46:00,P
2909113131958709962,2022092422001162291439913892,68.89,492.20,10.18,,58.71,419.44,USD,7.144300,2022-09-24 22:27:06,2022-10-17 12:46:00,P
1679910960745196795,2022092422001157601445580744,15.26,109.00,4.98,,10.28,73.44,USD,7.144300,2022-09-24 19:11:08,2022-10-17 12:46:00,P
2907999938972772741,2022092422001197231413381025,15.26,109.00,4.98,,10.28,73.44,USD,7.144300,2022-09-24 16:10:03,2022-10-17 12:46:00,P
1680272509608498377,2022092422001149021412347198,60.28,430.64,9.35,,50.93,363.86,USD,7.144300,2022-09-24 12:08:34,2022-10-17 12:46:00,P
2905949376882543946,2022092422001163601447570789,90.83,648.89,15.91,,74.92,535.25,USD,7.144300,2022-09-24 10:10:11,2022-10-17 12:46:00,P
2907118227651151442,2022092422001196871440990617,47.68,339.59,8.52,,39.16,278.89,USD,7.121800,2022-09-24 00:18:43,2022-10-17 12:46:00,P
1679959345633827767,2022092322001114361404466145,13.63,97.10,3.11,,10.52,74.92,USD,7.121800,2022-09-23 23:59:36,2022-10-17 12:46:00,P
1679845407256084690,2022092322001142301419958643,26.54,189.00,7.69,,18.85,134.25,USD,7.121800,2022-09-23 23:50:39,2022-10-17 12:46:00,P
1679185524648686872,2022092322001192831441050366,13.63,97.10,4.61,,9.02,64.24,USD,7.121800,2022-09-23 23:50:02,2022-10-17 12:46:00,P
2905547832950349754,2022092322001154181427653616,63.37,451.30,10.02,,53.35,379.95,USD,7.121800,2022-09-23 23:20:07,2022-10-17 12:46:00,P
1679923849464283798,2022092322001106491451844497,29.51,210.15,5.23,,24.28,172.92,USD,7.121800,2022-09-23 23:03:04,2022-10-17 12:46:00,P
2906731442563754851,2022092322001186561444978077,15.38,109.50,3.40,,11.98,85.32,USD,7.121800,2022-09-23 22:56:45,2022-10-17 12:46:00,P
1679729882996026076,2022092322001177891444895457,15.31,109.00,3.85,,11.46,81.62,USD,7.121800,2022-09-23 22:08:14,2022-10-17 12:46:00,P
2905408512058968663,2022092322001130581421389893,29.51,210.15,5.23,,24.28,172.92,USD,7.121800,2022-09-23 21:46:49,2022-10-17 12:46:00,P
2905350624427692253,2022092322001161591418501334,13.63,97.10,2.90,,10.73,76.42,USD,7.121800,2022-09-23 21:22:25,2022-10-17 12:46:00,P
2906530094469955100,2022092322001132281436644894,27.12,193.15,10.82,,16.30,116.09,USD,7.121800,2022-09-23 21:06:29,2022-10-17 12:46:00,P
2906480306126762850,2022092322001149871439488735,25.01,178.15,11.20,,13.81,98.35,USD,7.121800,2022-09-23 20:41:40,2022-10-17 12:46:00,P
2906070013385979662,2022092322001175501409411020,29.74,211.81,6.35,,23.39,166.58,USD,7.121800,2022-09-23 20:39:13,2022-10-17 12:46:00,P
2906399630840311763,2022092322001112351425234843,27.12,193.15,11.03,,16.09,114.59,USD,7.121800,2022-09-23 20:11:23,2022-10-17 12:46:00,P
1679572743368755289,2022092322001185701436667558,15.31,109.00,4.06,,11.25,80.12,USD,7.121800,2022-09-23 18:35:04,2022-10-17 12:46:00,P
1679532601951438086,2022092322001180681422939066,20.01,142.27,0.00,20.01,0.00,0.00,USD,7.108600,2022-09-23 15:46:55,,P
2905356709793697723,2022092322001100181425154048,35.03,249.00,5.74,,29.29,208.21,USD,7.108600,2022-09-23 14:37:56,2022-10-17 12:46:00,P
2905690790892725349,2022092322001128661416005732,27.99,199.00,8.45,,19.54,138.90,USD,7.108600,2022-09-23 13:59:00,2022-10-17 12:46:00,P
2905921623360029627,2022092322001133951454831319,35.03,249.00,5.95,,29.08,206.72,USD,7.108600,2022-09-23 13:18:55,2022-10-17 12:46:00,P
1679360917013030968,2022092322001142771428190430,32.21,229.00,12.82,,19.39,137.84,USD,7.108600,2022-09-23 12:15:22,2022-10-17 12:46:00,P
2905440122670452132,2022092322001113191420204788,47.55,338.00,9.65,,37.90,269.42,USD,7.108600,2022-09-23 11:48:52,2022-10-17 12:46:00,P
1678919594944536389,2022092322001155961439286323,30.78,218.75,0.00,30.78,0.00,0.00,USD,7.107200,2022-09-23 01:12:25,,P
2905075263470273529,2022092222001163961442824175,35.03,249.00,5.58,,29.45,209.31,USD,7.107200,2022-09-22 23:21:24,2022-10-17 12:46:00,P
1678413425895819567,2022092222001191461451852930,35.03,249.00,5.58,,29.45,209.31,USD,7.107200,2022-09-22 19:45:53,2022-10-17 12:46:00,P
1678387543965819567,2022092222001191461452669937,16.74,119.00,3.08,,13.66,97.08,USD,7.107200,2022-09-22 19:45:41,2022-10-17 12:46:00,P
2902470156439148261,2022092222001143841441105036,29.41,209.00,5.06,,24.35,173.06,USD,7.107200,2022-09-22 16:26:24,2022-10-17 12:46:00,P
2903795175243024122,2022092222001157171422123256,35.03,249.00,5.79,,29.24,207.81,USD,7.107200,2022-09-22 16:18:34,2022-10-17 12:46:00,P
2903407562239911611,2022092222001149341454821232,30.81,219.00,8.76,,22.05,156.71,USD,7.107200,2022-09-22 13:49:20,2022-10-17 12:46:00,P
2902894381924524163,2022092222001121921440028197,57.41,408.00,16.22,,41.19,292.75,USD,7.107200,2022-09-22 13:05:53,2022-10-17 12:46:00,P
2903605383475524163,2022092222001121921440099690,27.29,193.94,7.74,,19.55,138.95,USD,7.107200,2022-09-22 13:05:01,2022-10-17 12:46:00,P
2903320262374381958,2022092222001192811438162916,31.25,222.13,7.53,,23.72,168.58,USD,7.107200,2022-09-22 13:01:28,2022-10-17 12:46:00,P
2903313782759328504,2022092222001110951446385353,15.34,109.00,3.88,,11.46,81.45,USD,7.107200,2022-09-22 13:01:07,2022-10-17 12:46:00,P
1677444531602725168,2022092222001155421449589692,16.87,119.00,3.31,,13.56,95.67,USD,7.055500,2022-09-22 08:51:28,2022-10-17 12:46:00,P
2902344877323978716,2022092222001146281431715642,33.87,239.00,13.15,,20.72,146.19,USD,7.055500,2022-09-22 08:48:32,2022-10-17 12:46:00,P
2902857987504336618,2022092222001136551426320519,57.50,405.69,16.00,,41.50,292.80,USD,7.055500,2022-09-22 00:03:32,2022-10-17 12:46:00,P
1677250347835564079,2022092122001196811427428017,27.49,193.94,7.80,,19.69,138.92,USD,7.055500,2022-09-21 21:48:32,2022-10-17 12:46:00,P
2900529576652237322,2022092122001129721418431352,15.12,106.69,3.78,,11.34,80.01,USD,7.055500,2022-09-21 16:38:04,2022-10-17 12:46:00,P
1676558319710403787,2022092122001112161426220562,16.93,119.00,5.01,,11.92,83.76,USD,7.027000,2022-09-21 09:34:42,2022-10-17 12:46:00,P
2900311345189470307,2022092122001123951451862946,26.09,183.33,7.19,,18.90,132.81,USD,7.027000,2022-09-21 07:32:28,2022-10-17 12:46:00,P
2900596286858963028,2022092122001145201430106453,35.43,249.00,5.86,,29.57,207.79,USD,7.027000,2022-09-21 00:13:13,2022-10-17 12:46:00,P
2900097217054215436,2022092022001134751438078329,16.93,119.00,4.80,,12.13,85.24,USD,7.027000,2022-09-20 22:58:29,2022-10-17 12:46:00,P
2899114992842622300,2022092022001149411436581064,16.93,119.00,5.01,,11.92,83.76,USD,7.027000,2022-09-20 21:27:48,2022-10-17 12:46:00,P
2900605827810711329,2022092022001133601438708525,37.57,264.00,6.09,,31.48,221.21,USD,7.027000,2022-09-20 21:18:11,2022-10-17 12:46:00,P
2899540657268240501,2022092022001109921430871114,15.05,105.73,3.45,,11.60,81.51,USD,7.027000,2022-09-20 18:22:38,2022-09-23 12:26:00,P
2898492840325421120,2022092022001144351417054796,31.73,223.00,8.58,,23.15,162.68,USD,7.027000,2022-09-20 16:25:06,2022-09-23 12:26:00,P
2899970967117463815,2022092022001109871426932280,15.51,109.00,4.12,,11.39,80.04,USD,7.027000,2022-09-20 16:07:01,2022-09-23 12:26:00,P
2898421992561162400,2022092022001114351415547207,14.09,99.00,5.19,,8.90,62.54,USD,7.027000,2022-09-20 15:47:00,2022-10-17 12:46:00,P
1675784029710403787,2022092022001112161423483119,16.93,119.00,0.00,16.93,0.00,0.00,USD,7.027000,2022-09-20 10:16:19,,P
2898206929042463815,2022092022001109871427197512,15.51,109.00,0.00,15.51,0.00,0.00,USD,7.025500,2022-09-20 01:44:10,,P
2898435818301265808,2022091922001139091409817594,26.90,189.00,8.00,,18.90,132.78,USD,7.025500,2022-09-19 22:28:54,2022-10-17 12:46:00,P
2898588279881306242,2022091922001183151423932081,16.94,119.00,3.11,,13.83,97.16,USD,7.025500,2022-09-19 21:05:24,2022-10-17 12:46:00,P
2898415911266004052,2022091922001166131408936621,16.94,119.00,4.80,,12.14,85.29,USD,7.025500,2022-09-19 19:34:42,2022-10-17 12:46:00,P
2898115562124932317,2022091922001186571406362006,26.09,183.33,7.19,,18.90,132.78,USD,7.025500,2022-09-19 19:34:31,2022-10-17 12:46:00,P
2896354080732151442,2022091922001196871427876528,70.88,498.00,0.00,70.88,0.00,0.00,USD,7.025500,2022-09-19 14:54:00,,P
2895646068853590863,2022091922001188621410981112,26.18,183.33,7.00,,19.18,134.30,USD,7.001900,2022-09-19 09:35:21,2022-10-17 12:46:00,P
2896430221648020736,2022091922001185381449938990,21.28,149.00,4.54,,16.74,117.21,USD,7.001900,2022-09-19 09:08:00,2022-09-23 12:26:00,P
2895509340868669102,2022091922001132671411536769,34.85,244.00,5.74,,29.11,203.83,USD,7.001900,2022-09-19 07:34:37,2022-10-17 12:46:00,P
2895503185750877725,2022091822001182761413649093,33.42,234.00,0.00,33.42,0.00,0.00,USD,7.001900,2022-09-18 17:44:02,,P
2895945699610163955,2022091822001169161411221390,17.00,119.00,5.03,,11.97,83.81,USD,7.001900,2022-09-18 15:31:04,2022-10-17 12:46:00,P
2893772017021773212,2022091722001104741413993875,21.17,149.00,3.94,,17.23,121.30,USD,7.039900,2022-09-17 19:55:20,2022-10-17 12:46:00,P
1673461419396175988,2022091722001167781407821784,35.37,249.00,5.63,,29.74,209.37,USD,7.039900,2022-09-17 18:57:52,2022-10-17 12:46:00,P
2892518856775792240,2022091722001136501458906565,16.90,119.00,0.00,16.90,0.00,0.00,USD,7.039900,2022-09-17 16:28:43,,P
2891363652368332658,2022091722001154101423312159,33.24,234.00,0.26,29.64,3.34,23.51,USD,7.039900,2022-09-17 00:12:32,2022-10-17 12:46:00,P
1672886893580669073,2022091622001197701434985195,31.82,224.00,8.95,,22.87,161.00,USD,7.039900,2022-09-16 23:58:26,2022-09-23 12:26:00,P
2892568790495448039,2022091622001176491435617965,26.04,183.33,6.97,,19.07,134.25,USD,7.039900,2022-09-16 23:53:53,2022-10-17 12:46:00,P
1672037871620850080,2022091622001181171414176215,26.04,183.33,6.97,,19.07,134.25,USD,7.039900,2022-09-16 23:45:58,2022-09-23 12:26:00,P
2890826353562486940,2022091622001175591459277737,31.86,224.00,13.55,,18.31,128.72,USD,7.030100,2022-09-16 11:25:57,2022-10-17 12:46:00,P
2891047971657570064,2022091522001113451457746967,35.58,249.00,5.88,,29.70,207.85,USD,6.998300,2022-09-15 23:59:19,2022-10-17 12:46:00,P
2889811262560497891,2022091522001135811416106219,35.68,249.00,5.89,,29.79,207.87,USD,6.978000,2022-09-15 16:55:30,2022-10-17 12:46:00,P
2888427960563271220,2022091522001131381450236766,22.10,154.23,5.60,,16.50,115.14,USD,6.978000,2022-09-15 16:02:48,2022-10-17 12:46:00,P
1671873925039996575,2022091522001160991428634785,37.12,259.00,5.86,,31.26,218.13,USD,6.978000,2022-09-15 13:57:46,2022-10-17 12:46:00,P
2889675939745796906,2022091522001117751418198041,17.05,119.00,5.05,,12.00,83.74,USD,6.978000,2022-09-15 13:48:36,2022-09-23 12:26:00,P
2887412869956721536,2022091422001115621408527930,32.81,229.00,13.02,,19.79,138.12,USD,6.979500,2022-09-14 16:53:46,2022-10-17 12:46:00,P
2887295761503259521,2022091422001119751423100240,28.51,199.00,8.61,,19.90,138.89,USD,6.979500,2022-09-14 15:47:30,2022-09-23 12:26:00,P
2887679991869443030,2022091422001122181411191421,64.07,447.20,9.67,,54.40,379.68,USD,6.979500,2022-09-14 12:37:39,2022-10-17 12:46:00,P
1670694025144894699,2022091422001141271411981078,15.64,109.00,5.06,,10.58,73.74,USD,6.969630,2022-09-14 08:40:38,2022-09-23 12:26:00,P
1669811485840429494,2022091322001117501445950234,26.30,183.33,0.00,26.30,0.00,0.00,USD,6.969630,2022-09-14 05:25:56,,P
2885676733061206059,2022091322001188871417950526,15.72,109.00,4.86,,10.86,75.32,USD,6.935900,2022-09-13 18:40:25,2022-09-23 12:26:00,P
2885710394154254543,2022091322001118401446702377,33.02,229.00,13.10,,19.92,138.16,USD,6.935900,2022-09-13 15:19:48,2022-09-23 12:26:00,P
2885655711502731327,2022091322001125761458886982,15.72,109.00,4.86,,10.86,75.32,USD,6.935900,2022-09-13 12:10:44,2022-10-17 12:46:00,P
2885029923405683127,2022091322001106811413077176,30.84,214.14,6.52,,24.32,168.85,USD,6.942900,2022-09-13 00:26:52,2022-10-17 12:46:00,P
2883493116510683127,2022091322001106811412948608,30.84,214.14,0.00,30.84,0.00,0.00,USD,6.942900,2022-09-13 00:24:51,,P
1668920340870583981,2022091222001112971420020249,32.80,227.71,5.90,,26.90,186.76,USD,6.942900,2022-09-12 22:59:16,2022-10-17 12:46:00,P
1669253593340918481,2022091222001101291418576481,15.70,109.00,3.36,,12.34,85.68,USD,6.942900,2022-09-12 13:30:26,2022-09-23 12:26:00,P
1669230589465883869,2022091222001155431423343315,27.80,193.03,7.79,,20.01,138.93,USD,6.942900,2022-09-12 13:05:27,2022-10-17 12:46:00,P
2883348542748471518,2022091222001159541432157274,15.70,109.00,4.86,,10.84,75.26,USD,6.942900,2022-09-12 11:51:05,2022-09-23 12:26:00,P
2883141614686649955,2022091222001169381433643339,32.98,229.00,9.11,,23.87,165.73,USD,6.942900,2022-09-12 10:28:11,2022-10-17 12:46:00,P
2881888164813381958,2022091222001192811418678440,22.21,154.23,5.63,,16.58,115.11,USD,6.942900,2022-09-12 10:24:49,2022-09-23 12:26:00,P
2882852534820827624,2022091222001162361442711588,57.50,399.20,0.00,57.50,0.00,0.00,USD,6.942900,2022-09-12 02:30:33,,P
2882380825829047223,2022091222001180011448637906,15.70,109.00,5.08,,10.62,73.73,USD,6.942900,2022-09-12 00:17:33,2022-09-23 12:26:00,P
2881967330598574204,2022091122001188281411397968,26.41,183.33,7.28,,19.13,132.82,USD,6.942900,2022-09-11 15:47:49,2022-09-23 12:26:00,P
2881367173764077808,2022091122001138721458671321,17.14,119.00,5.07,,12.07,83.80,USD,6.942900,2022-09-11 14:09:01,2022-09-23 12:26:00,P
1668312410145983467,2022091122001137591452559410,34.42,239.00,9.18,,25.24,175.24,USD,6.942900,2022-09-11 13:27:52,2022-10-17 12:46:00,P
1667743719004327487,2022091022001128491425618707,29.46,204.52,5.06,,24.40,169.41,USD,6.942900,2022-09-11 10:32:18,2022-10-17 12:46:00,P
2881388775606511827,2022091122001120451444632067,17.14,119.00,4.86,,12.28,85.26,USD,6.942900,2022-09-11 07:58:43,2022-10-17 12:46:00,P
2881244415582723643,2022091022001163961421669177,12.75,88.54,4.54,,8.21,57.00,USD,6.942900,2022-09-10 23:57:28,2022-10-17 12:46:00,P
2881225695576438057,2022091022001149241454319645,12.75,88.54,4.54,,8.21,57.00,USD,6.942900,2022-09-10 23:49:44,2022-09-23 12:26:00,P
2880861050958500816,2022091022001130771424827806,14.98,104.00,5.05,,9.93,68.94,USD,6.942900,2022-09-10 22:57:54,2022-10-17 12:46:00,P
2879600292283001848,2022091022001164011443455750,27.94,194.00,5.08,,22.86,158.71,USD,6.942900,2022-09-10 22:50:52,2022-10-17 12:46:00,P
1667912811720770895,2022091022001150631452862297,56.63,393.20,8.91,,47.72,331.32,USD,6.942900,2022-09-10 22:46:17,2022-10-17 12:46:00,P
2881080435400010213,2022091022001184371436946484,14.98,104.00,5.05,,9.93,68.94,USD,6.942900,2022-09-10 22:24:58,2022-10-17 12:46:00,P
2881065099161413257,2022091022001145431419327919,33.70,234.00,5.82,,27.88,193.57,USD,6.942900,2022-09-10 22:15:14,2022-10-17 12:46:00,P
2879495928935781151,2022091022001186481425101110,12.97,90.07,4.37,,8.60,59.71,USD,6.942900,2022-09-10 21:52:25,2022-09-23 12:26:00,P
1667143200649354693,2022091022001114741405626123,14.98,104.00,5.05,,9.93,68.94,USD,6.942900,2022-09-10 21:45:41,2022-09-23 12:26:00,P
2880733214120366460,2022091022001132721407444335,14.98,104.00,5.05,,9.93,68.94,USD,6.942900,2022-09-10 21:44:07,2022-10-17 12:46:00,P
1667766902705573893,2022091022001110921423570671,13.54,94.00,6.52,,7.02,48.74,USD,6.942900,2022-09-10 19:52:19,2022-10-17 12:46:00,P
2880436106027071129,2022091022001108011448353303,11.28,78.35,5.73,,5.55,38.53,USD,6.942900,2022-09-10 18:57:34,2022-09-23 12:26:00,P
1666955748051033394,2022091022001178221458442753,12.76,88.56,4.54,,8.22,57.07,USD,6.942900,2022-09-10 17:41:52,2022-09-23 12:26:00,P
2879615089932024257,2022091022001114581459045745,14.98,104.00,0.61,,14.37,99.77,USD,6.942900,2022-09-10 15:44:25,2022-09-23 12:26:00,P
1667566382290020879,2022091022001152631403190545,29.07,201.83,5.22,,23.85,165.59,USD,6.942900,2022-09-10 15:42:43,2022-10-17 12:46:00,P
2880240051448075654,2022091022001130451446465535,30.19,209.60,0.00,30.19,0.00,0.00,USD,6.942900,2022-09-10 15:03:44,,P
2878650936826430162,2022091022001192551412429609,12.82,89.03,6.06,,6.76,46.93,USD,6.942900,2022-09-10 14:29:32,2022-10-17 12:46:00,P
1667518935316654570,2022091022001101811416578694,29.30,203.43,0.00,29.30,0.00,0.00,USD,6.942900,2022-09-10 14:28:28,,P
2879409601616992108,2022091022001192471430667083,12.80,88.84,4.33,,8.47,58.81,USD,6.942900,2022-09-10 13:55:26,2022-09-23 12:26:00,P
2879800634619349564,2022091022001165301454049195,24.16,167.76,0.99,,23.17,160.87,USD,6.942900,2022-09-10 13:30:46,2022-09-23 12:26:00,P
2878391268579763961,2022091022001123331437213453,14.98,104.00,0.61,,14.37,99.77,USD,6.942900,2022-09-10 12:17:54,2022-09-23 12:26:00,P
1667501725494469674,2022091022001129891416755083,12.69,88.14,4.51,,8.18,56.79,USD,6.942900,2022-09-10 12:16:07,2022-10-17 12:46:00,P
2879190937009947851,2022091022001199231458689611,14.98,104.00,0.61,,14.37,99.77,USD,6.942900,2022-09-10 12:05:19,2022-09-23 12:26:00,P
1667470549391998094,2022091022001101731403824648,14.98,104.00,4.83,,10.15,70.47,USD,6.942900,2022-09-10 11:46:52,2022-10-17 12:46:00,P
1667350311627078381,2022091022001186251424107306,14.98,104.00,4.83,,10.15,70.47,USD,6.942900,2022-09-10 11:26:03,2022-09-23 12:26:00,P
1667307579764238484,2022091022001179461424118604,29.28,203.26,1.33,,27.95,194.05,USD,6.942900,2022-09-10 10:48:06,2022-09-23 12:26:00,P
2879361146343932317,2022091022001186571453084277,13.83,96.03,4.82,,9.01,62.56,USD,6.942900,2022-09-10 10:26:18,2022-09-23 12:26:00,P
2878925545738175462,2022091022001191391431941941,22.69,157.56,9.85,,12.84,89.15,USD,6.942900,2022-09-10 10:22:47,2022-10-17 12:46:00,P
1667344477137612994,2022091022001168691455102154,28.60,199.20,1.17,,27.43,191.03,USD,6.964400,2022-09-10 09:37:44,2022-09-23 12:26:00,P
1667237919231521785,2022091022001150711457158729,30.50,212.43,4.08,,26.42,184.00,USD,6.964400,2022-09-10 09:19:21,2022-09-23 12:26:00,P
2879191838343185362,2022091022001153381437385421,14.93,104.00,5.02,,9.91,69.02,USD,6.964400,2022-09-10 08:50:45,2022-09-23 12:26:00,P
1667208938323314083,2022091022001164771404470821,27.46,191.26,1.19,,26.27,182.95,USD,6.964400,2022-09-10 08:43:34,2022-09-23 12:26:00,P
1666497720584857780,2022091022001114011449134562,38.37,267.20,12.32,,26.05,181.42,USD,6.964400,2022-09-10 08:42:18,2022-09-23 12:26:00,P
2878707241831381640,2022091022001104381436843527,16.59,115.55,0.00,16.59,0.00,0.00,USD,6.964400,2022-09-10 07:58:52,,P
1666470684426100498,2022091022001168941411389652,14.93,104.00,5.02,,9.91,69.02,USD,6.964400,2022-09-10 07:40:15,2022-09-23 12:26:00,P
2877862644908612850,2022091022001182631452015303,24.28,169.10,0.99,,23.29,162.20,USD,6.964400,2022-09-10 07:39:39,2022-09-23 12:26:00,P
2879400711117133849,2022091022001185931410817777,52.76,367.43,2.41,,50.35,350.66,USD,6.964400,2022-09-10 07:38:42,2022-09-23 12:26:00,P
1667179995447189689,2022091022001127091453588250,38.37,267.20,13.67,,24.70,172.02,USD,6.964400,2022-09-10 07:13:44,2022-09-23 12:26:00,P
2879101586552893400,2022091022001130181402913924,14.93,104.00,5.02,,9.91,69.02,USD,6.964400,2022-09-10 07:13:03,2022-09-23 12:26:00,P
1667167394222123975,2022091022001155291406380842,27.65,192.54,0.00,27.65,0.00,0.00,USD,6.964400,2022-09-10 06:55:11,,P
1667131862901671186,2022091022001188381431619110,45.99,320.30,8.91,,37.08,258.24,USD,6.964400,2022-09-10 01:11:10,2022-10-17 12:46:00,P
2879264307912646860,2022091022001139931409703011,54.00,376.08,8.57,,45.43,316.39,USD,6.964400,2022-09-10 00:21:27,2022-10-17 12:46:00,P
2878982102168552625,2022091022001141641401116149,14.93,104.00,5.02,,9.91,69.02,USD,6.964400,2022-09-10 00:14:59,2022-10-17 12:46:00,P
2879236407908848737,2022090922001184941417244110,14.93,104.00,5.02,,9.91,69.02,USD,6.964400,2022-09-09 23:55:39,2022-10-17 12:46:00,P
2879124051289760764,2022090922001148571448708354,54.74,381.22,15.42,,39.32,273.84,USD,6.964400,2022-09-09 22:36:18,2022-10-17 12:46:00,P
2877575796233703958,2022090922001168121456714860,29.69,206.78,5.30,,24.39,169.86,USD,6.964400,2022-09-09 22:22:05,2022-10-17 12:46:00,P
2878809842673383843,2022090922001158171400969537,29.23,203.54,5.23,,24.00,167.15,USD,6.964400,2022-09-09 22:18:30,2022-10-17 12:46:00,P
1666976703276274982,2022090922001132181402677091,56.46,393.20,8.88,,47.58,331.37,USD,6.964400,2022-09-09 20:56:57,2022-10-17 12:46:00,P
2878642154205840358,2022090922001100461425804623,29.17,203.16,5.23,,23.94,166.73,USD,6.964400,2022-09-09 20:51:53,2022-10-17 12:46:00,P
1666229772149033980,2022090922001185141454622187,11.64,81.07,5.84,,5.80,40.39,USD,6.964400,2022-09-09 20:25:42,2022-10-17 12:46:00,P
1666935446514033980,2022090922001185141455127541,13.37,93.13,0.00,13.37,0.00,0.00,USD,6.964400,2022-09-09 20:21:19,,P
2877272568362891247,2022090922001121961424731543,56.46,393.20,2.57,,53.89,375.31,USD,6.964400,2022-09-09 19:50:12,2022-09-23 12:26:00,P
1666193268308872288,2022090922001178391429117189,29.90,208.26,5.11,,24.79,172.65,USD,6.964400,2022-09-09 19:42:30,,P
2877177276280586656,2022090922001105571449583006,13.56,94.44,4.50,,9.06,63.10,USD,6.964400,2022-09-09 19:01:39,2022-10-17 12:46:00,P
2878647447554190163,2022090922001191621403970659,65.88,458.81,17.33,,48.55,338.12,USD,6.964400,2022-09-09 18:36:58,2022-10-17 12:46:00,P
2878286870811351247,2022090922001126851428485620,28.84,200.85,0.00,28.84,0.00,0.00,USD,6.964400,2022-09-09 17:55:00,,P
2877792517614466839,2022090922001196091456605769,14.93,104.00,0.00,14.93,0.00,0.00,USD,6.964400,2022-09-09 17:19:12,,P
2876845824963815846,2022090922001176751409702901,14.93,104.00,5.02,,9.91,69.02,USD,6.964400,2022-09-09 16:13:58,2022-09-23 12:26:00,P
2877892310083205138,2022090922001131091404361509,33.60,234.00,0.00,33.60,0.00,0.00,USD,6.964400,2022-09-09 14:21:29,,P
2878088655426356007,2022090922001171671401128340,14.93,104.00,0.60,,14.33,99.80,USD,6.964400,2022-09-09 13:32:37,2022-09-23 12:26:00,P
2877791330124259521,2022090922001119751416732664,27.14,189.00,8.07,,19.07,132.81,USD,6.964400,2022-09-09 13:23:56,2022-09-23 12:26:00,P
1666599675126217480,2022090922001164931420644553,33.60,234.00,5.80,,27.80,193.61,USD,6.964400,2022-09-09 13:21:10,2022-10-17 12:46:00,P
2877359509469067033,2022090922001197361427857179,29.10,202.68,5.22,,23.88,166.31,USD,6.964400,2022-09-09 13:13:59,2022-10-17 12:46:00,P
1666574798908396593,2022090922001103191401058901,12.73,88.67,4.30,,8.43,58.71,USD,6.964400,2022-09-09 13:00:57,2022-10-17 12:46:00,P
2877766275024682862,2022090922001183181403367192,37.10,258.39,5.92,,31.18,217.15,USD,6.964400,2022-09-09 11:11:05,2022-10-17 12:46:00,P
2877707595118642700,2022090922001158011441236999,54.30,378.20,8.29,,46.01,320.43,USD,6.964400,2022-09-09 10:52:05,2022-10-17 12:46:00,P
1665662196851035997,2022090922001125221452962400,11.50,80.06,5.79,,5.71,39.77,USD,6.964400,2022-09-09 10:11:36,2022-10-17 12:46:00,P
2877232934830766763,2022090922001168171452394291,14.89,104.00,5.01,,9.88,68.99,USD,6.983000,2022-09-09 09:22:40,2022-10-17 12:46:00,P
2877388779136259006,2022090922001113641400725421,55.02,384.20,11.49,,43.53,303.97,USD,6.983000,2022-09-09 06:54:06,2022-09-23 12:26:00,P
2875805064874930556,2022090922001193061401185892,14.89,104.00,0.60,,14.29,99.79,USD,6.983000,2022-09-09 02:23:31,2022-09-23 12:26:00,P
1666317289704221172,2022090922001183911419717215,29.93,209.00,5.61,,24.32,169.83,USD,6.983000,2022-09-09 00:02:08,2022-10-17 12:46:00,P
1666180239908723172,2022090822001107621458636123,22.56,157.52,3.56,,19.00,132.68,USD,6.983000,2022-09-08 22:50:02,2022-09-23 12:26:00,P
1666166558514723172,2022090822001107621459080986,22.58,157.65,0.00,22.58,0.00,0.00,USD,6.983000,2022-09-08 22:45:26,,P
1665424164279308673,2022090822001112511425729962,28.53,199.20,8.27,,20.26,141.48,USD,6.983000,2022-09-08 22:06:37,2022-10-17 12:46:00,P
2876366557031507446,2022090822001188951426265876,14.89,104.00,5.01,,9.88,68.99,USD,6.983000,2022-09-08 21:56:47,2022-10-17 12:46:00,P
2876680514933210510,2022090822001195271400906212,14.89,104.00,0.60,,14.29,99.79,USD,6.983000,2022-09-08 21:03:41,2022-09-23 12:26:00,P
2876216077542202324,2022090822001104401442993912,14.89,104.00,5.01,,9.88,68.99,USD,6.983000,2022-09-08 20:34:37,2022-10-17 12:46:00,P
1666043583219131082,2022090822001164381432637255,25.43,177.55,7.77,,17.66,123.32,USD,6.983000,2022-09-08 20:04:44,2022-10-17 12:46:00,P
1665308532723225294,2022090822001145451437622668,32.08,224.00,8.80,,23.28,162.56,USD,6.983000,2022-09-08 19:51:17,2022-10-17 12:46:00,P
2876718747565421120,2022090822001144351451388784,14.89,104.00,0.60,,14.29,99.79,USD,6.983000,2022-09-08 18:48:32,2022-09-23 12:26:00,P
1665895335622832299,2022090822001104771402104307,24.00,167.58,1.04,,22.96,160.33,USD,6.983000,2022-09-08 17:18:43,2022-09-23 12:26:00,P
2876447775397031840,2022090822001111401445337405,28.78,201.00,0.00,28.78,0.00,0.00,USD,6.983000,2022-09-08 16:30:56,,P
2876432979683657604,2022090822001180231455812640,14.89,104.00,5.01,,9.88,68.99,USD,6.983000,2022-09-08 16:22:44,2022-10-17 12:46:00,P
1665779811543833572,2022090822001121371432518731,14.89,104.00,5.01,,9.88,68.99,USD,6.983000,2022-09-08 15:04:18,2022-10-17 12:46:00,P
2876180079287365535,2022090822001143751412819344,14.89,104.00,5.01,,9.88,68.99,USD,6.983000,2022-09-08 14:07:28,2022-09-23 12:26:00,P
2875823966776733718,2022090822001116651408994954,29.10,203.23,0.00,29.10,0.00,0.00,USD,6.983000,2022-09-08 13:34:33,,P
2875908531656523307,2022090822001112941417526759,24.13,168.50,13.40,,10.73,74.93,USD,6.983000,2022-09-08 11:56:57,2022-10-17 12:46:00,P
2874365208165621950,2022090822001154411416169283,68.81,480.50,2.84,,65.97,460.67,USD,6.983000,2022-09-08 11:56:13,2022-09-23 12:26:00,P
2875616462791382309,2022090822001184131457462670,28.53,199.20,1.17,,27.36,191.05,USD,6.983000,2022-09-08 11:55:19,2022-09-23 12:26:00,P
2874254868988976957,2022090822001144141459023807,14.89,104.00,5.01,,9.88,68.99,USD,6.983000,2022-09-08 11:19:42,2022-10-17 12:46:00,P
2875452950196792240,2022090822001136501436952068,14.89,104.00,0.00,14.89,0.00,0.00,USD,6.983000,2022-09-08 11:02:49,,P
2875688391211139264,2022090822001118671452071319,15.14,105.73,3.69,,11.45,79.96,USD,6.983000,2022-09-08 10:45:11,2022-09-23 12:26:00,P
2874048084126937418,2022090822001139771456921392,13.04,91.20,4.59,,8.45,59.08,USD,6.991300,2022-09-08 10:03:41,2022-10-17 12:46:00,P
2874038328426387732,2022090822001160831420712557,53.66,375.14,0.00,53.66,0.00,0.00,USD,6.991300,2022-09-08 10:00:10,,P
1664713416431925682,2022090822001171181457872212,14.88,104.00,0.60,,14.28,99.84,USD,6.991300,2022-09-08 09:40:27,2022-09-23 12:26:00,P
2874562633085170617,2022090822001184491421273995,23.90,167.10,1.08,,22.82,159.54,USD,6.991300,2022-09-08 00:27:48,2022-09-23 12:26:00,P
2873680380379394163,2022090722001150231451870770,56.76,396.84,2.58,,54.18,378.79,USD,6.991300,2022-09-07 23:55:07,2022-09-23 12:26:00,P
2874519685837855113,2022090722001125421423858593,12.63,88.29,4.49,,8.14,56.91,USD,6.991300,2022-09-07 23:52:11,2022-10-17 12:46:00,P
2874451897993378625,2022090722001189521412913915,30.21,211.19,9.48,,20.73,144.93,USD,6.991300,2022-09-07 23:03:05,2022-10-17 12:46:00,P
2874443581505385421,2022090722001124991415532951,31.06,217.13,8.88,,22.18,155.07,USD,6.991300,2022-09-07 22:56:35,2022-10-17 12:46:00,P
2874774494261815744,2022090722001166261404259315,25.69,179.61,5.75,,19.94,139.41,USD,6.991300,2022-09-07 22:11:06,2022-09-23 12:26:00,P
2874770750704839031,2022090722001112991415281131,14.88,104.00,5.00,,9.88,69.07,USD,6.991300,2022-09-07 22:10:11,2022-10-17 12:46:00,P
2874356281509908062,2022090722001140291409583126,12.71,88.89,3.03,,9.68,67.68,USD,6.991300,2022-09-07 22:08:23,2022-09-23 12:26:00,P
2874268729463708327,2022090722001185851423707847,23.24,162.51,5.88,,17.36,121.37,USD,6.991300,2022-09-07 21:22:15,2022-10-17 12:46:00,P
2874953631914691955,2022090722001184761457421411,28.99,202.68,0.00,28.99,0.00,0.00,USD,6.991300,2022-09-07 21:08:59,,P
1664403744311497891,2022090722001135811404547472,33.47,234.00,0.00,33.47,0.00,0.00,USD,6.991300,2022-09-07 20:41:06,,P
2874479978376385507,2022090722001179161452765016,14.88,104.00,5.00,,9.88,69.07,USD,6.991300,2022-09-07 19:43:38,2022-10-17 12:46:00,P
2873964422875446457,2022090722001160521421569484,42.08,294.20,6.21,,35.87,250.78,USD,6.991300,2022-09-07 15:33:04,2022-09-23 12:26:00,P
2872690920117335143,2022090722001100991415839305,27.06,189.20,11.38,,15.68,109.62,USD,6.991300,2022-09-07 15:26:20,2022-09-23 12:26:00,P
1664750426439283675,2022090722001137371418944384,29.24,204.41,1.32,,27.92,195.20,USD,6.991300,2022-09-07 14:03:00,2022-09-23 12:26:00,P
1664752839446885997,2022090722001108541415835621,49.31,344.76,13.61,,35.70,249.59,USD,6.991300,2022-09-07 13:49:34,2022-10-17 12:46:00,P
2873279197937256557,2022090722001163931414258307,28.78,201.24,0.00,28.78,0.00,0.00,USD,6.991300,2022-09-07 13:13:49,,P
2873247301493990661,2022090722001116151455342400,21.31,149.00,0.00,21.31,0.00,0.00,USD,6.991300,2022-09-07 12:57:18,,P
2872155060705255863,2022090722001192301442638446,27.98,195.59,11.43,,16.55,115.71,USD,6.991300,2022-09-07 11:29:03,2022-10-17 12:46:00,P
2873706591609085114,2022090722001149601414967327,14.88,104.00,5.00,,9.88,69.07,USD,6.991300,2022-09-07 11:23:46,2022-09-23 12:26:00,P
1664538495661995687,2022090722001113011443757628,27.82,194.28,0.00,27.82,0.00,0.00,USD,6.983200,2022-09-07 10:57:33,,P
1664609125514392675,2022090722001168611445445581,33.51,234.00,5.78,,27.73,193.64,USD,6.983200,2022-09-07 10:38:54,2022-09-23 12:26:00,P
1664502963522708295,2022090722001174621403056066,28.83,201.30,5.18,,23.65,165.15,USD,6.983200,2022-09-07 10:31:08,2022-10-17 12:46:00,P
2873431011161978661,2022090722001120061450051897,12.79,89.20,3.04,,9.75,68.00,USD,6.974000,2022-09-07 09:48:02,2022-09-23 12:26:00,P
2872604449903789208,2022090722001119311405208972,29.78,207.71,5.10,,24.68,172.12,USD,6.974000,2022-09-07 08:45:54,2022-09-23 12:26:00,P
2872538281376611645,2022090722001116831409241092,30.21,210.68,5.15,,25.06,174.77,USD,6.974000,2022-09-07 07:51:30,2022-09-23 12:26:00,P
2872940402971972761,2022090722001114731458356196,47.02,327.93,12.83,,34.19,238.44,USD,6.974000,2022-09-07 07:39:25,2022-09-23 12:26:00,P
2871663732653862921,2022090722001151191457139867,14.91,104.00,5.02,,9.89,68.97,USD,6.974000,2022-09-07 07:27:35,2022-10-17 12:46:00,P
2872396550739970135,2022090622001191501434710125,42.52,296.54,0.00,42.52,0.00,0.00,USD,6.974000,2022-09-07 06:49:25,,P
2873056683196128347,2022090722001145861405720185,84.07,586.30,0.00,84.07,0.00,0.00,USD,6.974000,2022-09-07 00:12:27,,P
1663543416048164878,2022090622001102961417445220,54.04,376.85,8.57,,45.47,317.11,USD,6.974000,2022-09-06 23:59:16,2022-09-23 12:26:00,P
2872720478270018160,2022090622001109491415479791,26.50,184.79,4.88,,21.62,150.78,USD,6.974000,2022-09-06 23:58:20,2022-10-17 12:46:00,P
2872292005157620415,2022090622001116911405368314,11.18,77.96,4.16,,7.02,48.96,USD,6.974000,2022-09-06 23:50:41,2022-10-17 12:46:00,P
2871408924947225407,2022090622001145231459353799,26.51,184.87,4.89,,21.62,150.78,USD,6.974000,2022-09-06 23:44:00,2022-10-17 12:46:00,P
2871420948757940707,2022090622001160921409964772,29.98,209.10,5.33,,24.65,171.91,USD,6.974000,2022-09-06 23:42:26,2022-10-17 12:46:00,P
1663506876095259491,2022090622001114311408365416,27.32,190.53,4.99,,22.33,155.73,USD,6.974000,2022-09-06 23:34:50,2022-10-17 12:46:00,P
1664239731938029984,2022090622001139411405788611,23.20,161.82,7.54,,15.66,109.21,USD,6.974000,2022-09-06 23:33:21,2022-09-23 12:26:00,P
1664218779621211175,2022090622001154031447262740,24.31,169.52,10.15,,14.16,98.75,USD,6.974000,2022-09-06 23:18:54,2022-10-17 12:46:00,P
1664218563654786875,2022090622001116411404385151,11.66,81.34,3.21,,8.45,58.93,USD,6.974000,2022-09-06 23:14:49,2022-09-23 12:26:00,P
1663465836573526577,2022090622001102551400182834,53.06,370.07,8.23,,44.83,312.64,USD,6.974000,2022-09-06 23:04:37,2022-09-23 12:26:00,P
2872537418778016407,2022090622001186851419826390,36.60,255.25,11.30,,25.30,176.44,USD,6.974000,2022-09-06 22:51:03,2022-10-17 12:46:00,P
1664271877088877070,2022090622001148921406448504,23.17,161.60,11.74,,11.43,79.71,USD,6.974000,2022-09-06 22:50:43,2022-10-17 12:46:00,P
1664255785914982194,2022090622001173531419596824,25.11,175.14,5.45,,19.66,137.11,USD,6.974000,2022-09-06 22:40:43,2022-10-17 12:46:00,P
2872466822559416623,2022090622001166311403999580,56.38,393.20,8.87,,47.51,331.33,USD,6.974000,2022-09-06 22:31:14,2022-10-17 12:46:00,P
2872474058836891433,2022090622001184411414699806,25.74,179.53,4.78,,20.96,146.18,USD,6.974000,2022-09-06 22:31:06,2022-10-17 12:46:00,P
2872786575530532721,2022090622001197201409101863,14.78,103.08,3.48,,11.30,78.81,USD,6.974000,2022-09-06 22:30:59,2022-09-23 12:26:00,P
1664084030547425897,2022090622001181091454853930,53.56,373.51,8.29,,45.27,315.71,USD,6.974000,2022-09-06 22:05:31,2022-10-17 12:46:00,P
2872644087699208350,2022090622001147501432041489,26.98,188.15,10.22,,16.76,116.88,USD,6.974000,2022-09-06 22:03:29,2022-09-23 12:26:00,P
2872361018973932816,2022090622001157201404806926,23.45,163.57,9.84,,13.61,94.92,USD,6.974000,2022-09-06 22:00:28,2022-09-23 12:26:00,P
1664067542042411473,2022090622001104011440132485,29.98,209.10,5.33,,24.65,171.91,USD,6.974000,2022-09-06 21:54:40,2022-10-17 12:46:00,P
2872327106434428406,2022090622001124011438763262,34.60,241.32,5.99,,28.61,199.53,USD,6.974000,2022-09-06 21:53:39,2022-10-17 12:46:00,P
2869812648808392039,2022090622001147221447167662,39.68,276.72,13.42,,26.26,183.14,USD,6.974000,2022-09-06 21:44:10,2022-10-17 12:46:00,P
2871852445017963607,2022090622001123441417591146,25.86,180.38,4.80,,21.06,146.87,USD,6.974000,2022-09-06 21:39:23,2022-10-17 12:46:00,P
2871773885366493282,2022090622001145991409180654,25.71,179.27,5.48,,20.23,141.08,USD,6.974000,2022-09-06 21:37:00,2022-09-23 12:26:00,P
2871779717293667556,2022090622001114651410170892,25.88,180.47,0.00,25.88,0.00,0.00,USD,6.974000,2022-09-06 21:29:33,,P
1664143861805017693,2022090622001195191446112712,27.47,191.55,4.80,,22.67,158.10,USD,6.974000,2022-09-06 21:26:09,2022-10-17 12:46:00,P
2871711181800711023,2022090622001124331426784994,28.07,195.76,0.00,28.07,0.00,0.00,USD,6.974000,2022-09-06 21:25:01,,P
1663329828859885997,2022090622001108541413459535,56.38,393.20,0.96,50.21,5.21,36.33,USD,6.974000,2022-09-06 21:23:09,2022-09-23 12:26:00,P
2872324075159983388,2022090622001185481410387496,27.39,191.00,5.00,,22.39,156.15,USD,6.974000,2022-09-06 21:22:23,2022-09-23 12:26:00,P
2872412959716029984,2022090622001139411404601779,23.26,162.20,0.00,23.26,0.00,0.00,USD,6.974000,2022-09-06 21:19:57,,P
2871597197248513139,2022090622001140411409923991,13.21,92.10,0.00,13.21,0.00,0.00,USD,6.974000,2022-09-06 21:17:39,,P
2871604037296305461,2022090622001154081456795342,11.17,77.89,4.16,,7.01,48.89,USD,6.974000,2022-09-06 21:15:29,2022-09-23 12:26:00,P
2872046550747986781,2022090622001147861408196134,26.98,188.15,13.66,,13.32,92.89,USD,6.974000,2022-09-06 21:14:15,2022-09-23 12:26:00,P
2871972578390601521,2022090622001197341433103018,25.76,179.63,4.57,,21.19,147.78,USD,6.974000,2022-09-06 21:08:57,2022-10-17 12:46:00,P
2871991434851366041,2022090622001186901417132551,11.19,78.02,4.17,,7.02,48.96,USD,6.974000,2022-09-06 21:07:07,2022-10-17 12:46:00,P
2871455753333307250,2022090622001175461410993595,13.21,92.10,2.88,,10.33,72.04,USD,6.974000,2022-09-06 20:53:25,2022-09-23 12:26:00,P
2871845886413958932,2022090622001191601421054351,11.16,77.85,2.83,,8.33,58.09,USD,6.974000,2022-09-06 20:46:58,2022-09-23 12:26:00,P
2871303257583923631,2022090622001159051458643372,25.33,176.65,7.50,,17.83,124.35,USD,6.974000,2022-09-06 20:40:15,2022-09-23 12:26:00,P
2870493796585263431,2022090622001152271400291614,53.63,374.05,8.51,,45.12,314.67,USD,6.974000,2022-09-06 20:39:59,2022-09-23 12:26:00,P
2871366689092855336,2022090622001181601418625449,29.98,209.10,5.33,,24.65,171.91,USD,6.974000,2022-09-06 20:39:16,2022-10-17 12:46:00,P
2871729031469387732,2022090622001160831418965443,11.42,79.61,4.26,,7.16,49.93,USD,6.974000,2022-09-06 20:37:11,2022-10-17 12:46:00,P
2870366724675008307,2022090622001149241446359527,14.57,101.64,3.10,,11.47,79.99,USD,6.974000,2022-09-06 20:36:40,2022-09-23 12:26:00,P
2870229268245341162,2022090622001105171452392860,27.39,190.99,5.04,,22.35,155.87,USD,6.974000,2022-09-06 20:36:19,2022-10-17 12:46:00,P
2871306182963205015,2022090622001119451428858032,26.92,187.71,4.98,,21.94,153.01,USD,6.974000,2022-09-06 20:36:18,2022-09-23 12:26:00,P
1664108509106691499,2022090622001154171400531583,62.95,439.04,9.72,,53.23,371.23,USD,6.974000,2022-09-06 20:35:38,2022-10-17 12:46:00,P
2871219665916196138,2022090622001128351436466613,86.48,603.09,0.00,86.48,0.00,0.00,USD,6.974000,2022-09-06 20:35:18,,P
2870136496632463081,2022090622001163941416361509,28.07,195.75,6.48,,21.59,150.57,USD,6.974000,2022-09-06 20:35:15,2022-09-23 12:26:00,P
2871255809521486555,2022090622001155991409383935,58.25,406.25,8.89,,49.36,344.24,USD,6.974000,2022-09-06 20:34:38,2022-09-23 12:26:00,P
2870384284537990661,2022090622001116151452080859,38.38,267.65,10.07,,28.31,197.43,USD,6.974000,2022-09-06 20:33:59,2022-09-23 12:26:00,P
2870259364677881248,2022090622001110171401692946,53.60,373.84,14.39,,39.21,273.45,USD,6.974000,2022-09-06 20:33:30,2022-10-17 12:46:00,P
2871225497882692877,2022090622001111801412879599,14.59,101.76,3.10,,11.49,80.13,USD,6.974000,2022-09-06 20:33:28,2022-09-23 12:26:00,P
2871521526180529564,2022090622001109761453782744,25.26,176.17,12.44,,12.82,89.41,USD,6.974000,2022-09-06 20:33:25,2022-10-17 12:46:00,P
2871073793348621128,2022090622001160521418845332,13.21,92.10,4.67,,8.54,59.56,USD,6.974000,2022-09-06 20:32:45,2022-09-23 12:26:00,P
1663990790494888598,2022090622001122011440017412,41.34,288.33,7.85,,33.49,233.56,USD,6.974000,2022-09-06 20:32:34,2022-09-23 12:26:00,P
2871113681552390550,2022090622001148321416383036,43.16,301.00,7.17,,35.99,250.99,USD,6.974000,2022-09-06 20:32:27,2022-09-23 12:26:00,P
2870197228862570630,2022090622001193701412199100,27.80,193.89,5.10,,22.70,158.31,USD,6.974000,2022-09-06 20:32:06,2022-10-17 12:46:00,P
2871834619474904174,2022090622001163931412589253,55.49,386.96,8.75,,46.74,325.96,USD,6.974000,2022-09-06 20:32:05,2022-09-23 12:26:00,P
2871778171248667556,2022090622001114651409472222,11.17,77.87,2.66,,8.51,59.35,USD,6.974000,2022-09-06 20:31:57,2022-09-23 12:26:00,P
2871739795104685438,2022090622001113371423637717,43.48,303.20,7.20,,36.28,253.02,USD,6.974000,2022-09-06 20:31:35,2022-09-23 12:26:00,P
2870941529923665739,2022090622001146591446046035,11.43,79.74,5.60,,5.83,40.66,USD,6.974000,2022-09-06 20:31:04,2022-09-23 12:26:00,P
2871134814405902580,2022090622001174151407100137,23.84,166.25,0.00,23.84,0.00,0.00,USD,6.974000,2022-09-06 20:31:00,,P
2870101180975019726,2022090622001109421417475793,14.60,101.80,3.32,,11.28,78.67,USD,6.974000,2022-09-06 20:30:53,2022-09-23 12:26:00,P
2871301782462039555,2022090622001101931409594177,25.75,179.59,4.83,,20.92,145.90,USD,6.974000,2022-09-06 20:30:41,2022-09-23 12:26:00,P
1664080573706924589,2022090622001162261404893416,26.87,187.40,7.91,,18.96,132.23,USD,6.974000,2022-09-06 20:30:40,2022-09-23 12:26:00,P
1663268160588860590,2022090622001190711455947795,27.75,193.51,4.87,,22.88,159.57,USD,6.974000,2022-09-06 20:30:26,2022-10-17 12:46:00,P
2871610051843221763,2022090622001198431403865420,56.25,392.31,8.86,,47.39,330.50,USD,6.974000,2022-09-06 20:30:15,2022-10-17 12:46:00,P
2871556303478371226,2022090622001119921413686598,15.14,105.59,3.39,,11.75,81.94,USD,6.974000,2022-09-06 20:29:45,2022-10-17 12:46:00,P
2871603967762170046,2022090622001105841409263461,81.83,570.69,12.25,,69.58,485.25,USD,6.974000,2022-09-06 20:29:41,2022-10-17 12:46:00,P
2869829092624450575,2022090622001109111448737718,23.27,162.28,9.82,,13.45,93.80,USD,6.974000,2022-09-06 20:29:36,2022-09-23 12:26:00,P
2869962292016541554,2022090622001112231453921337,25.89,180.55,5.34,,20.55,143.32,USD,6.974000,2022-09-06 20:29:18,2022-09-23 12:26:00,P
2871562710621049761,2022090622001177991409093664,13.21,92.10,4.67,,8.54,59.56,USD,6.974000,2022-09-06 20:23:20,2022-09-23 12:26:00,P
1663987371913059298,2022090622001123661453432518,56.38,393.20,8.87,,47.51,331.33,USD,6.974000,2022-09-06 20:17:47,2022-09-23 12:26:00,P
2871572863730978661,2022090622001120061449259540,13.21,92.10,0.00,13.21,0.00,0.00,USD,6.974000,2022-09-06 20:17:13,,P
2871402906803828978,2022090622001194681449853392,43.48,303.20,7.20,,36.28,253.02,USD,6.974000,2022-09-06 20:16:56,2022-09-23 12:26:00,P
1663253508815706992,2022090622001155651407057033,13.21,92.10,4.67,,8.54,59.56,USD,6.974000,2022-09-06 20:16:37,2022-10-17 12:46:00,P
2871736087226852149,2022090622001138331418724148,39.38,274.67,8.09,,31.29,218.22,USD,6.974000,2022-09-06 20:16:03,2022-10-17 12:46:00,P
2871731371693849457,2022090622001190051410043760,35.69,248.88,6.11,,29.58,206.29,USD,6.974000,2022-09-06 20:14:52,2022-09-23 12:26:00,P
2871308378861628716,2022090622001186211447708934,26.98,188.15,7.68,,19.30,134.60,USD,6.974000,2022-09-06 20:14:32,2022-10-17 12:46:00,P
2870661377368600478,2022090622001191601420541304,36.60,255.25,0.00,36.60,0.00,0.00,USD,6.974000,2022-09-06 20:14:04,,P
2871049033716769511,2022090622001136851422477307,49.72,346.75,8.01,,41.71,290.89,USD,6.974000,2022-09-06 20:13:04,2022-10-17 12:46:00,P
2871683743397582232,2022090622001173591449114796,13.21,92.10,4.46,,8.75,61.02,USD,6.974000,2022-09-06 20:10:58,2022-09-23 12:26:00,P
2870813335393138728,2022090622001175631443989721,17.13,119.00,5.07,,12.06,83.78,USD,6.946900,2022-09-06 16:43:34,2022-10-17 12:46:00,P
1663125350213389972,2022090522001113431406238536,28.58,198.47,0.00,28.58,0.00,0.00,USD,6.943400,2022-09-05 12:35:32,,P
2865575592240509050,2022090422001108721447584087,41.12,284.37,11.49,,29.63,204.92,USD,6.915811,2022-09-04 22:59:14,2022-09-23 12:26:00,P
2865104067621949301,2022090322001125811458597181,17.20,119.00,0.00,17.20,0.00,0.00,USD,6.918900,2022-09-03 23:01:24,,P
2864436482776441025,2022090322001155261451498163,28.10,194.41,8.03,,20.07,138.86,USD,6.918900,2022-09-03 20:21:55,2022-09-23 12:26:00,P
2862825805372259562,2022090322001156431448281095,17.20,119.00,4.87,,12.33,85.31,USD,6.918900,2022-09-03 11:08:36,2022-10-17 12:46:00,P
2862473834180609014,2022090222001149421408851647,15.28,105.73,3.71,,11.57,80.05,USD,6.918800,2022-09-02 21:56:28,2022-09-23 12:26:00,P
2861227289881441025,2022090222001155261451083356,28.76,199.00,0.00,28.76,0.00,0.00,USD,6.918800,2022-09-02 18:16:51,,P
2860432273158675409,2022090222001130391418792771,29.48,204.00,0.00,29.48,0.00,0.00,USD,6.918800,2022-09-02 14:12:41,,P
2860721535534648162,2022090222001176671446079664,35.99,249.00,10.89,,25.10,173.66,USD,6.918800,2022-09-02 11:06:11,2022-09-23 12:26:00,P
2858896874128366630,2022090122001190051402526454,28.67,198.41,8.60,,20.07,138.91,USD,6.921300,2022-09-01 15:59:58,2022-09-23 12:26:00,P
2857268592254312745,2022090122001153351434206155,17.19,119.00,5.09,,12.10,83.75,USD,6.921300,2022-09-01 12:50:35,2022-09-23 12:26:00,P
